,,https://www.monasterium.net/mom/HU-MNL-DLKINL/MKANRAQ311/102112/charter
,,https://www.monasterium.net/mom/DE-BayHStA/PassauDomkapitel/1776.1/charter
,,https://www.monasterium.net/mom/AT-StiAStams/Urkunden/H_I_2/charter
,,https://www.monasterium.net/mom/HU-MNL-DLEOKL/KKOLCCQ320/127343/charter
,,https://www.monasterium.net/mom/DE-HStAMa/urk76/3771/charter
,,https://www.monasterium.net/mom/AT-DOZA/Ahnenproben/Nr_2139.1/charter
,,https://www.monasterium.net/mom/DE-StaAWo/Abt1AI/I-0697/charter
,,https://www.monasterium.net/mom/AT-KLA/AUR/AT-KLA_418-B-A_2998_St/charter
,,https://www.monasterium.net/mom/HU-MNL-DLEOKL/KKOLPQ333/91703/charter
,,https://www.monasterium.net/mom/HU-MNL-DLCSLP/TELCSMARQ191/16236/charter
,,https://www.monasterium.net/mom/HU-MNL-DLEOKL/GYKOLCCQ327/95129/charter
,,https://www.monasterium.net/mom/CZ-NA/CGL/3064/charter
,,https://www.monasterium.net/mom/HU-MNL-DLCSLP/MAJCSQ122/316978/charter
,,https://www.monasterium.net/mom/HU-MNL-DLKINL/MKACKQ342/23908/charter
,,https://www.monasterium.net/mom/SK-SNA/4156-SukromnyArchivBratislavskejKapituly/110%28ins_1.1%29/charter
,,https://www.monasterium.net/mom/HU-MNL-DLCSLP/KALCSQ93/13650/charter
,,https://www.monasterium.net/mom/HU-MNL-DLKINL/MKANRAQ311/62733/charter
,,https://www.monasterium.net/mom/DE-BayHStA/KUPassauNiedernburg/301/charter
,,https://www.monasterium.net/mom/HU-MNL-DLGYUJ/MAGNMTQ10/153015/charter
,,https://www.monasterium.net/mom/HU-MNL-DLCSLP/BERCSBERQ38/30166/charter
,,https://www.monasterium.net/mom/DE-StAAm/Waldsassen/132/charter
,,https://www.monasterium.net/mom/DE-BayHStA/KURaitenhaslach/1260/charter
,,https://www.monasterium.net/mom/HU-MNL-DLEOKL/GYKOLMQ329/15121/charter
,,https://www.monasterium.net/mom/HU-MNL-DLCSLP/SZICSQ176/68209/charter
,,https://www.monasterium.net/mom/HU-MNL-DLCSLP/RAKCSQ156/115316/charter
,,https://www.monasterium.net/mom/HU-MNL-DLKINL/MKAAPQ312/120936/charter
,,https://www.monasterium.net/mom/AT-WStLA/HAUrk/5411/charter
,,https://www.monasterium.net/mom/HU-MNL-DLCSLP/HANCSQ86/32998/charter
,,https://www.monasterium.net/mom/CZ-NA/RF/119/charter
,,https://www.monasterium.net/mom/DE-BayHStA/KUHoeglwoerth/14/charter
,,https://www.monasterium.net/mom/DE-AVBautzen/Urkunden/3526/charter
,,https://www.monasterium.net/mom/DE-UAHD/ZellKollektur/XII%2C2_Nr_825-1570_September_1_%5BZell_an_der_Pfrimm%5D/charter
,,https://www.monasterium.net/mom/DE-BayHStA/KUNiederaltaich/691/charter
,,https://www.monasterium.net/mom/HU-MNL-DLEOKL/KKOLCCQ320/66312/charter
,,https://www.monasterium.net/mom/HU-MNL-DLCSLP/ESTCSQ67/20048/charter
,,https://www.monasterium.net/mom/HU-MNL-DLCSLP/KALCSQ93/77073/charter
,,https://www.monasterium.net/mom/AT-KLA/AUR/AT-KLA_418-B-A_3056_St/charter
,,https://www.monasterium.net/mom/DE-BayHStA/KUPassauStNikola/%282954%29/charter
,,https://www.monasterium.net/mom/DE-StAAm/Waldsassen/489/charter
,,https://www.monasterium.net/mom/AT-HHStA/SbgE/AUR_1486_VIII_07/charter
,,https://www.monasterium.net/mom/DE-BayHStA/KUAltenhohenau/25/charter
,,https://www.monasterium.net/mom/AT-StiAWilten/Urkunden/175_O/charter
,,https://www.monasterium.net/mom/AT-StiAH/HeiligenkreuzOCist/1283_V_20/charter
,,https://www.monasterium.net/mom/HU-MNL-DLKINL/MKANRAQ311/133473/charter
,,https://www.monasterium.net/mom/AT-HHStA/SbgE/AUR_1396-1403.17/charter
,,https://www.monasterium.net/mom/HU-MNL-DLCSLA/BARCSQ27/69798/charter
,,https://www.monasterium.net/mom/HU-MNL-DLKINL/MKAAJQ313/84258/charter
,,https://www.monasterium.net/mom/DE-LKAEKKW/UNiedenstein/14/charter
,,https://www.monasterium.net/mom/AT-KLA/AUR/AT-KLA_418-B-A_1037_St/charter
,,https://www.monasterium.net/mom/CZ-APH/AMK/649-XXIII%7C17/charter
,,https://www.monasterium.net/mom/HU-MNL-DLKINL/MKANRAQ311/8300/charter
,,https://www.monasterium.net/mom/AT-VLA/SulzbergGA/3728/charter
,,https://www.monasterium.net/mom/AT-StiAHe/HerzogenburgCanReg/1346_XII_24/charter
,,https://www.monasterium.net/mom/DE-HStAMa/UrkHersfeld/1267/charter
,,https://www.monasterium.net/mom/AT-VLA/ohneHerkunftsangabe/7701/charter
,,https://www.monasterium.net/mom/AT-DOZA/Urkunden/1836_I_20a.1/charter
,,https://www.monasterium.net/mom/AT-StiAStP/UK/805/charter
,,https://www.monasterium.net/mom/AT-HHStA/SbgE/AUR_1604_I_20/charter
,,https://www.monasterium.net/mom/CH-StiASG/Urkunden/HH3_B12a/charter
,,https://www.monasterium.net/mom/AT-StiAAdm/Urkunden/Ddd-73a/charter
,,https://www.monasterium.net/mom/DE-ABP/Urkunden/1483_IX_09/charter
,,https://www.monasterium.net/mom/HU-MNL-DLGYUJ/IDELEGEOMQ319/27121/charter
,,https://www.monasterium.net/mom/AT-StiAH/HeiligenkreuzOCist/1323_I_06/charter
,,https://www.monasterium.net/mom/HU-MNL-DLCSLA/BARCSQ27/69119/charter
,,https://www.monasterium.net/mom/HU-MNL-DLEOKL/KKOLVIQ323/53237/charter
,,https://www.monasterium.net/mom/HU-MNL-DLKINL/MKANRAQ311/63090/charter
,,https://www.monasterium.net/mom/AT-VLA/SchlinsPfA/2965/charter
,,https://www.monasterium.net/mom/DE-BayHStA/KUFrauenchiemsee/302/charter
,,https://www.monasterium.net/mom/HU-MNL-DLGYUJ/MAGNMTQ10/67904/charter
,,https://www.monasterium.net/mom/HU-MNL-DLCSLP/MOTCSQ135/123889/charter
,,https://www.monasterium.net/mom/HU-MNL-DLCSLP/KISCSQ105/73463/charter
,,https://www.monasterium.net/mom/HU-MNL-DLCSLP/FESCSQ73/34284/charter
,,https://www.monasterium.net/mom/HU-MNL-DLCSLP/BERCSQ36/155462/charter
,,https://www.monasterium.net/mom/AT-KLA/AUR/AT-KLA_418-B-A_2538_St/charter
,,https://www.monasterium.net/mom/AT-StiAM/MelkOSB/1420_II_27/charter
,,https://www.monasterium.net/mom/HU-MNL-DLCSLP/BATCSACTQ383/118577/charter
,,https://www.monasterium.net/mom/HU-MNL-DLCSLP/BATCSQ388/86555/charter
,,https://www.monasterium.net/mom/AT-HHStA/SbgE/AUR_1458__u_1495.1/charter
,,https://www.monasterium.net/mom/CH-StaASG/Urkunden/Missiven.177/charter
,,https://www.monasterium.net/mom/CH-StiASG/Urkunden/T3_A45/charter
,,https://www.monasterium.net/mom/HU-MNL-DLKINL/MKANRAQ311/55924/charter
,,https://www.monasterium.net/mom/AT-WStLA/HABsp/280/charter
,,https://www.monasterium.net/mom/HU-MNL-DLCSLP/BATCSMEMQ428/316867/charter
,,https://www.monasterium.net/mom/AT-VLA/SchwarzenbergPfA/120/charter
,,https://www.monasterium.net/mom/DE-HStAMa/UrkHersfeld/1734/charter
,,https://www.monasterium.net/mom/HU-MNL-DLCSLP/MARCSQ125/141509/charter
,,https://www.monasterium.net/mom/DE-HStAMa/Urk.37/2906/charter
,,https://www.monasterium.net/mom/AT-ADG/AGDK/97-23-6/charter
,,https://www.monasterium.net/mom/AT-StiAR/ReichersbergCanReg/1362_I_11/charter
,,https://www.monasterium.net/mom/DE-BayHStA/PassauDomkapitel/6006/charter
,,https://www.monasterium.net/mom/DE-BayHStA/PassauDomkapitel/7682/charter
,,https://www.monasterium.net/mom/DE-LHAKO/128/419/charter
,,https://www.monasterium.net/mom/AT-HHStA/SbgE/AUR_1339_IV_18.1/charter
,,https://www.monasterium.net/mom/HU-MNL-DLKINL/MKANRAQ311/124395/charter
,,https://www.monasterium.net/mom/ES-AHN/MonasterioSantaMariadeOseira/CLERO-SECULAR_REGULAR%2CCar.1516%2CN.9/charter
,,https://www.monasterium.net/mom/AT-StiASF/StFlorianCanReg/1562_IX_27/charter
,,https://www.monasterium.net/mom/HU-MNL-DLCSLP/BATLJNOQ31/158554/charter
,,https://www.monasterium.net/mom/HU-MNL-DLCSLP/BRECSQ48/58755/charter
,,https://www.monasterium.net/mom/HU-MNL-DLCSLP/BATLJNOQ31/170134/charter
,,https://www.monasterium.net/mom/DE-HStAMa/UrkHersfeld/396/charter
,,https://www.monasterium.net/mom/CZ-NA/AZK/1997/charter
,,https://www.monasterium.net/mom/AT-StiAMB/MbOSB/A_2608/charter
,,https://www.monasterium.net/mom/DE-GAUnivGoet/AppDipl10E/App_dipl_10_E_I_27/charter
,,https://www.monasterium.net/mom/HU-MNL-DLKINL/MKANRAQ311/53905/charter
,,https://www.monasterium.net/mom/AT-KLA/KLA-871/AT-KLA_871-B-321_St/charter
,,https://www.monasterium.net/mom/HU-MNL-DLCSLP/ZICCSZSEQ206/36823/charter
,,https://www.monasterium.net/mom/HU-MNL-DLKINL/MKAAEQ316/133690/charter
,,https://www.monasterium.net/mom/SK-SNA/4173-RodEsterhazi-CesneckaLinia/218/charter
,,https://www.monasterium.net/mom/CZ-KAVB/VYBRO/1457_V_16/charter
,,https://www.monasterium.net/mom/HU-MNL-DLCSLP/ESTCSQ67/23604/charter
,,https://www.monasterium.net/mom/HU-MNL-DLCSLP/GORCSGORQ83/104715/charter
,,https://www.monasterium.net/mom/CZ-NA/RF%7CCheb/32/charter
,,https://www.monasterium.net/mom/CZ-NA/CGL/1743/charter
,,https://www.monasterium.net/mom/HU-MNL-DLKINL/MKANRAQ311/92874/charter
,,https://www.monasterium.net/mom/HU-MNL-DLGYUJ/MAGNMTQ10/28130/charter
,,https://www.monasterium.net/mom/HU-MNL-DLCSLP/BERCSBERQ38/11764/charter
,,https://www.monasterium.net/mom/DE-HStASt/HStASt_A502/A_502_U_1118/charter
,,https://www.monasterium.net/mom/AT-StiAStams/Urkunden/L_IX_1_%28b%29/charter
,,https://www.monasterium.net/mom/AT-NOeLA/StA_Urk/StA_Urk_0254/charter
,,https://www.monasterium.net/mom/SK-SNA/4156-SukromnyArchivBratislavskejKapituly/300/charter
,,https://www.monasterium.net/mom/HU-MNL-DLCSLP/ZICCSZSEQ206/56424/charter
,,https://www.monasterium.net/mom/CZ-SOAT/VelkostatekOrlik/47/charter
,,https://www.monasterium.net/mom/HU-MNL-DLEOKL/ERDKLEFLQ343/85880/charter
,,https://www.monasterium.net/mom/HU-MNL-DLKINL/MKANRAQ311/149751/charter
,,https://www.monasterium.net/mom/AT-HHStA/MillstattOSB/1461_III_10/charter
,,https://www.monasterium.net/mom/DE-BayHStA/PassauDomkapitel/2344/charter
,,https://www.monasterium.net/mom/HU-MNL-DLCSLP/KALCSQ93/108724/charter
,,https://www.monasterium.net/mom/DE-StaAWo/Abt1AI/I-0832/charter
,,https://www.monasterium.net/mom/CZ-NA/KVs/99/charter
,,https://www.monasterium.net/mom/CZ-NA/CGL/114/charter
,,https://www.monasterium.net/mom/IT-BSNSP/27-Pignatelli/10_CC_II_14/charter
,,https://www.monasterium.net/mom/AT-HHStA/SbgE/AUR_1443_VIII_20/charter
,,https://www.monasterium.net/mom/EE-Rahvusarhiiv/KukruseMoisaUerikuteJaPitseriteKogu/EAA.2069.2.295/charter
,,https://www.monasterium.net/mom/DE-GAUnivGoet/AppDipl/App_dipl_84/charter
,,https://www.monasterium.net/mom/HU-MNL-DLEOKL/GYKOLCDCQ330/100708/charter
,,https://www.monasterium.net/mom/AT-WStLA/HAUrk/1279/charter
,,https://www.monasterium.net/mom/AT-DOZA/Urkunden/546/charter
,,https://www.monasterium.net/mom/DE-HStAMa/urk76/2761/charter
,,https://www.monasterium.net/mom/HU-MNL-DLCSLP/SZUCSQ185/73837/charter
,,https://www.monasterium.net/mom/HU-MNL-DLCSLP/BEKCSQ33/152949/charter
,,https://www.monasterium.net/mom/HU-MNL-DLGYUJ/MAGNMTQ10/58494/charter
,,https://www.monasterium.net/mom/HU-MNL-DLCSLA/VAYCSBERQ203/70798/charter
,,https://www.monasterium.net/mom/HU-MNL-DLCSLP/WESCSQ288/48580/charter
,,https://www.monasterium.net/mom/DE-HStAMa/Urk.37/1903/charter
,,https://www.monasterium.net/mom/HU-MNL-DLKINL/MKANRAQ311/29579/charter
,,https://www.monasterium.net/mom/DE-HStAMa/Urk.37/259/charter
,,https://www.monasterium.net/mom/CZ-MZA/E07/1262_VII_10/charter
,,https://www.monasterium.net/mom/HU-MNL-DLCSLP/KENCSQ102/70513/charter
,,https://www.monasterium.net/mom/AT-StiAStP/BlUK/BU_086/charter
,,https://www.monasterium.net/mom/AT-OOeLA/GarstenOSB/1220/charter
,,https://www.monasterium.net/mom/HU-MNL-DLCSLP/KISCSQ105/85006/charter
,,https://www.monasterium.net/mom/DE-HStAMa/Urk.37/2484/charter
,,https://www.monasterium.net/mom/ArdCan/1429_XII_21/charter
,,https://www.monasterium.net/mom/CZ-NA/AZK/2292/charter
,,https://www.monasterium.net/mom/AT-HHStA/WienStNikolaOSCI/1660_I_31/charter
,,https://www.monasterium.net/mom/DE-StaAWo/Abt1AI/I-0073/charter
,,https://www.monasterium.net/mom/AT-DOZA/Urkunden/1702_II_26/charter
,,https://www.monasterium.net/mom/CZ-NA/CGL/419/charter
,,https://www.monasterium.net/mom/DE-BayHStA/HUPassau/586/charter
,,https://www.monasterium.net/mom/AT-DAW/Urkunden/14301220/charter
,,https://www.monasterium.net/mom/AT-StiAAdm/Urkunden/Iii-11/charter
,,https://www.monasterium.net/mom/HU-MNL-DLKINL/MKANRAQ311/97520/charter
,,https://www.monasterium.net/mom/HU-MNL-DLCSLP/BALCSQ22/93691/charter
,,https://www.monasterium.net/mom/AT-WStLA/HAUrk/5350/charter
,,https://www.monasterium.net/mom/CSGXIII/8053/charter
,,https://www.monasterium.net/mom/DE-BayHStA/KURegensburgStEmmeram/001518/charter
,,https://www.monasterium.net/mom/EE-TLA/TallinnaMagistraat/TLA.230.1-I.1148/charter
,,https://www.monasterium.net/mom/AT-HHStA/SbgE/AUR_1533_XII_02/charter
,,https://www.monasterium.net/mom/DE-BayHStA/PassauDomkapitel/4176/charter
,,https://www.monasterium.net/mom/CZ-NA/ACK/564/charter
,,https://www.monasterium.net/mom/DE-BayHStA/KUAldersbach/00595/charter
,,https://www.monasterium.net/mom/AT-StiAMB/MbOSB/A_1864/charter
,,https://www.monasterium.net/mom/AT-StiARein/ReinOCist/A_V%7C2/charter
,,https://www.monasterium.net/mom/HU-MNL-DLGYUJ/MAGNMTQ10/111155/charter
,,https://www.monasterium.net/mom/HU-MNL-DLCSLP/TELCSMARQ191/151210/charter
,,https://www.monasterium.net/mom/HU-MNL-DLCSLP/MARCSQ127/53008/charter
,,https://www.monasterium.net/mom/CH-StiASG/Urkunden/X1_G17/charter
,,https://www.monasterium.net/mom/AT-StaAR/UrkDominikanerkloster/StA_Retz%7CD%7CU1%7C1303/charter
,,https://www.monasterium.net/mom/HU-MNL-DLCSLP/ZICCSZSEQ206/42375/charter
,,https://www.monasterium.net/mom/DE-BayHStA/PassauDomkapitel/1299/charter
,,https://www.monasterium.net/mom/AT-DOZA/Urkunden/1564IV_13/charter
,,https://www.monasterium.net/mom/HU-MNL-DLCSLP/RADCSSAJQ154/158262/charter
,,https://www.monasterium.net/mom/DE-HStAMa/urk77/713/charter
,,https://www.monasterium.net/mom/CZ-NA/RP/328/charter
,,https://www.monasterium.net/mom/CZ-NA/CGL/4071/charter
,,https://www.monasterium.net/mom/DE-GLAK/GLAK_34/34_Nr_1385/charter
,,https://www.monasterium.net/mom/HU-MNL-DLGYUJ/MAGNMTQ10/126860/charter
,,https://www.monasterium.net/mom/HU-MNL-DLCSLP/ZICCSZSEQ206/8776/charter
,,https://www.monasterium.net/mom/AT-SLA/Chiemsee/SLA_OU_1671_I_06/charter
,,https://www.monasterium.net/mom/AT-HHStA/SbgE/AUR_1342_VIII_30/charter
,,https://www.monasterium.net/mom/HU-MNL-DLCSLP/RAKCSQ156/128603/charter
,,https://www.monasterium.net/mom/AT-SLA/Erzstift/SLA_OU_1617_XI_16/charter
,,https://www.monasterium.net/mom/HU-MNL-DLEOKL/GYKOLCDCQ330/148906/charter
,,https://www.monasterium.net/mom/DE-AVBautzen/Urkunden/2637/charter
,,https://www.monasterium.net/mom/AT-HHStA/StPaulOSB/1312_VII_04/charter
,,https://www.monasterium.net/mom/HU-MNL-DLCSLP/OCSCSQ252/73008/charter
,,https://www.monasterium.net/mom/DE-BayHStA/PassauDomkapitel/3909/charter
,,https://www.monasterium.net/mom/HU-MNL-DLCSLP/FORCSQ75/120524/charter
,,https://www.monasterium.net/mom/AT-VLA/HohenemsRgft/8217/charter
,,https://www.monasterium.net/mom/AT-KLA/AUR/AT-KLA_418-B-A_498_St/charter
,,https://www.monasterium.net/mom/AT-HHStA/GamingOCart/1333_VI_29/charter
,,https://www.monasterium.net/mom/DE-BayHStA/KUFrauenchiemsee/254/charter
,,https://www.monasterium.net/mom/DE-HStAMa/UrkHersfeld/693/charter
,,https://www.monasterium.net/mom/HU-MNL-DLCSLP/RADCSSAJQ154/67509/charter
,,https://www.monasterium.net/mom/HU-MNL-DLKINL/MKANRAQ311/49001/charter
,,https://www.monasterium.net/mom/AT-NOeLA/HA_Seefeld-HardeggerUrk/Hardegger_Urk_0282/charter
,,https://www.monasterium.net/mom/HU-MNL-DLKINL/MKANRAQ311/29274/charter
,,https://www.monasterium.net/mom/AT-HHStA/SbgE/AUR_1354_XII_12/charter
,,https://www.monasterium.net/mom/HU-MNL-DLKINL/MKAAEQ316/84581/charter
,,https://www.monasterium.net/mom/HU-MNL-DLGYUJ/MAGNMTQ10/37385/charter
,,https://www.monasterium.net/mom/CZ-NA/RM/1284/charter
,,https://www.monasterium.net/mom/AT-NOeLA/HA_Seefeld-HardeggerUrk/Hardegger_Urk_0782/charter
,,https://www.monasterium.net/mom/EE-AM/PaergamentuerikudKollektsioon/AM.115.2.19/charter
,,https://www.monasterium.net/mom/HU-MNL-DLKINL/MKAAEOEMQ332/43727/charter
,,https://www.monasterium.net/mom/DE-UAHD/HeidelbergUniversitaet/XII%2C1_Nr_14-1711_November_11_Heidelberg/charter
,,https://www.monasterium.net/mom/AT-KLA/KLA-030_2/AT-KLA_30.2-B-56_St/charter
,,https://www.monasterium.net/mom/AT-HHStA/SbgE/AUR_1396-1403.6/charter
,,https://www.monasterium.net/mom/HU-MNL-DLCSLP/OCSCSQ252/65664/charter
,,https://www.monasterium.net/mom/AT-DOZA/Urkunden/1539_IX_29a/charter
,,https://www.monasterium.net/mom/HU-MNL-DLKINL/MKAAPQ309/155565/charter
,,https://www.monasterium.net/mom/HU-MNL-DLKINL/MKAAPQ312/105128/charter
,,https://www.monasterium.net/mom/HU-MNL-DLCSLP/ZICCSZSEQ206/21915/charter
,,https://www.monasterium.net/mom/SK-SNA/3900-HodnoverneMiestoBratislavskaKapitula/2226/charter
,,https://www.monasterium.net/mom/CZ-SOAT/VelkostatekSedlec/296/charter
,,https://www.monasterium.net/mom/DE-AVBautzen/Urkunden/3883/charter
,,https://www.monasterium.net/mom/ES-AHN/SantaMariadeArmenteira/CLERO-SECULAR_REGULAR%2CCar.1751%2CN.10/charter
,,https://www.monasterium.net/mom/AT-OOeLA/MondseeOSB/1503_III_03/charter
,,https://www.monasterium.net/mom/HU-MNL-DLKINL/MKAAEQ316/129079/charter
,,https://www.monasterium.net/mom/HU-MNL-DLCSLP/BALCSQ22/115879/charter
,,https://www.monasterium.net/mom/HU-MNL-DLGYUJ/ISMPIQ317/104236/charter
,,https://www.monasterium.net/mom/HU-MNL-DLKINL/MKANRAQ311/49614/charter
,,https://www.monasterium.net/mom/AT-NOeLA/StA_Urk/StA_Urk_2615/charter
,,https://www.monasterium.net/mom/AT-StiAZ/Urkunden/1245_V_29/charter
,,https://www.monasterium.net/mom/IT-ASNA/ASAg/ASAg%2C316/charter
,,https://www.monasterium.net/mom/DE-HStAMa/urk76/3500/charter
,,https://www.monasterium.net/mom/SK-SNA/4201-RodRakovskyZRakovaALiptovskejStiavnice/122/charter
,,https://www.monasterium.net/mom/DE-StaASpeyer/1Uchron/769/charter
,,https://www.monasterium.net/mom/CZ-NA/CGL/3547/charter
,,https://www.monasterium.net/mom/AT-DOZA/Urkunden/1669IV_18/charter
,,https://www.monasterium.net/mom/HU-MNL-DLCSLP/DESCSMARQ63/96689/charter
,,https://www.monasterium.net/mom/AT-DOZA/Urkunden/1683_I_18a/charter
,,https://www.monasterium.net/mom/AT-KLA/AUR/AT-KLA_418-B-A_811_St/charter
,,https://www.monasterium.net/mom/DE-StAN/hlgeistspital/53/charter
,,https://www.monasterium.net/mom/HU-MNL-DLCSLP/ZICCSZSEQ206/78003/charter
,,https://www.monasterium.net/mom/EE-Rahvusarhiiv/PerekondLintrup/EAA.5228.1.2/charter
,,https://www.monasterium.net/mom/AT-StiAK/KlosterneuburgCanReg/1261_XII_02.1/charter
,,https://www.monasterium.net/mom/HU-MNL-DLCSLP/ZICCSZSEQ206/82276/charter
,,https://www.monasterium.net/mom/AT-AWMK/NeunkirchenOFMConv/9/charter
,,https://www.monasterium.net/mom/DE-AVBautzen/Urkunden/3284/charter
,,https://www.monasterium.net/mom/AT-StaLois/A/StaLois_I.A.187/charter
,,https://www.monasterium.net/mom/HU-MNL-DLCSLP/UCHCSQ17/74165/charter
,,https://www.monasterium.net/mom/HU-MNL-DLCSLP/BATCSACTQ383/95481/charter
,,https://www.monasterium.net/mom/AT-HHStA/TullnOP/1390_VI_18/charter
,,https://www.monasterium.net/mom/AT-KLA/KLA-443/AT-KLA_443-B-40_St/charter
,,https://www.monasterium.net/mom/HU-MNL-DLKINL/MKANRAQ311/11924/charter
,,https://www.monasterium.net/mom/HU-MNL-DLCSLP/ESTCSQ67/124821/charter
,,https://www.monasterium.net/mom/AT-DAW/Urkunden/14420323/charter
,,https://www.monasterium.net/mom/DE-LHAKO/55A4/75/charter
,,https://www.monasterium.net/mom/DE-BayHStA/KUPassauNiedernburg/298/charter
,,https://www.monasterium.net/mom/HU-MNL-DLCSLP/FESCSQ73/4169/charter
,,https://www.monasterium.net/mom/CZ-NA/AZK/432/charter
,,https://www.monasterium.net/mom/Laureshamensis/207475ea-934d-4f0b-a9d2-2e99c379d225/charter
,,https://www.monasterium.net/mom/HU-MNL-DLCSLP/BATCSQ388/86773/charter
,,https://www.monasterium.net/mom/DE-StASGD/A01U/U_927/charter
,,https://www.monasterium.net/mom/HU-MNL-DLCSLP/KISCSQ105/91327/charter
,,https://www.monasterium.net/mom/DE-HStAMa/Urk.37/2027/charter
,,https://www.monasterium.net/mom/AT-StiASP/Urkunden/Urk_Nr_3310-1586_VI_4/charter
,,https://www.monasterium.net/mom/DE-StadtAFulda/urkunden/484/charter
,,https://www.monasterium.net/mom/HU-MNL-DLGYUJ/MAGNMTQ10/39210/charter
,,https://www.monasterium.net/mom/CZ-SOAP/AMKarlovyVary/L_84/charter
,,https://www.monasterium.net/mom/DE-BayHStA/HUPassau/15/charter
,,https://www.monasterium.net/mom/HU-MNL-DLEOKL/GYKOLCCQ327/35090/charter
,,https://www.monasterium.net/mom/AT-VLA/ValdunaKl/4793/charter
,,https://www.monasterium.net/mom/HU-MNL-DLCSLP/KARCSQ98/30428/charter
,,https://www.monasterium.net/mom/HU-MNL-DLKINL/MKANRAQ311/13664/charter
,,https://www.monasterium.net/mom/HU-MNL-DLCSLP/BETCSBETQ40/72607/charter
,,https://www.monasterium.net/mom/SI-PAM/Listine/SI_PAM%7C0001_00092/charter
,,https://www.monasterium.net/mom/CZ-MZA/E10/1406_I_27/charter
,,https://www.monasterium.net/mom/AT-SLA/Erzstift/SLA_OU_1722_III_15/charter
,,https://www.monasterium.net/mom/CZ-SOAT/CizyStatky/48/charter
,,https://www.monasterium.net/mom/AT-VLA/MehrerauKl/1681/charter
,,https://www.monasterium.net/mom/HU-MNL-DLCSLP/KALCSQ93/75600/charter
,,https://www.monasterium.net/mom/HU-MNL-DLCSLP/ZICCSZSEQ206/132594/charter
,,https://www.monasterium.net/mom/DE-BayHStA/KURegensburgStEmmeram/004286/charter
,,https://www.monasterium.net/mom/CZ-NA/CGL/2128/charter
,,https://www.monasterium.net/mom/HU-MNL-DLCSLP/ESTCSQ67/79788/charter
,,https://www.monasterium.net/mom/SK-AMB/362/4165/charter
,,https://www.monasterium.net/mom/HU-MNL-DLGYUJ/MAGNMTQ10/96935/charter
,,https://www.monasterium.net/mom/DE-BayHStA/PassauDomkapitel/1770_II_13/charter
,,https://www.monasterium.net/mom/HU-MNL-DLCSLP/ZICCSZSEQ206/76276/charter
,,https://www.monasterium.net/mom/DE-BayHStA/KUAldersbach/00713/charter
,,https://www.monasterium.net/mom/AT-HHStA/SbgE/AUR_1452_I_27_und_1452_X_31.2/charter
,,https://www.monasterium.net/mom/EpiscopatusRatisbonensis/bb0c9736-7cfb-472b-8eac-a8f5cc42da30/charter
,,https://www.monasterium.net/mom/DE-BayHStA/KUPassauNiedernburg/1045/charter
,,https://www.monasterium.net/mom/HU-MNL-DLKINL/MKANRAQ311/101366/charter
,,https://www.monasterium.net/mom/AT-StiAStams/Urkunden/M_XXXIV_9/charter
,,https://www.monasterium.net/mom/DE-BayHStA/KUWindberg/0247/charter
,,https://www.monasterium.net/mom/HU-MNL-DLCSLP/ZICCSZSEQ206/58896/charter
,,https://www.monasterium.net/mom/AT-HHStA/SbgE/AUR_1514_XI_02/charter
,,https://www.monasterium.net/mom/HU-MNL-DLEOKL/KKOLVIQ323/159503/charter
,,https://www.monasterium.net/mom/AT-SLA/Erzstift/SLA_OU_1616_XII_22/charter
,,https://www.monasterium.net/mom/AT-StiAH/HeiligenkreuzOCist/1308_XI_07/charter
,,https://www.monasterium.net/mom/DE-AVBautzen/Urkunden/1577/charter
,,https://www.monasterium.net/mom/HU-MNL-DLCSLP/ESTCSTATQ70/147778/charter
,,https://www.monasterium.net/mom/AT-DOZA/Urkunden/2838/charter
,,https://www.monasterium.net/mom/HU-MNL-DLKINL/MKAAPQ312/124184/charter
,,https://www.monasterium.net/mom/AT-StiAG/GoettweigOSB/1500_VIII_31/charter
,,https://www.monasterium.net/mom/HU-MNL-DLINTI/SZEKKQ398/38252/charter
,,https://www.monasterium.net/mom/DE-ABP/Urkunden/1429_VII_06/charter
,,https://www.monasterium.net/mom/HU-MNL-DLGYUJ/MAGNMTQ10/61323/charter
,,https://www.monasterium.net/mom/DE-BAH/UrkStMi/A_VIII_12/charter
,,https://www.monasterium.net/mom/AT-DAGS/Pfarrurkunden/II-459/charter
,,https://www.monasterium.net/mom/DE-BayHStA/KUAldersbach/01286/charter
,,https://www.monasterium.net/mom/AT-VLA/NuezidersGA/4345/charter
,,https://www.monasterium.net/mom/DE-BayHStA/PassauDomkapitel/5862/charter
,,https://www.monasterium.net/mom/AT-StiASF/StFlorianCanReg/1467_IX_09/charter
,,https://www.monasterium.net/mom/AT-StiAZ/Urkunden/1325_XI_30.1/charter
,,https://www.monasterium.net/mom/HU-MNL-DLCSLP/BATCSACTQ383/43266/charter
,,https://www.monasterium.net/mom/AT-VLA/ohneHerkunftsangabe/8971/charter
,,https://www.monasterium.net/mom/AT-KLA/KLA-213/AT-KLA_213-B-81_St/charter
,,https://www.monasterium.net/mom/HU-MNL-DLCSLP/SZTCSQ181/38910/charter
,,https://www.monasterium.net/mom/HU-MNL-DLCSLP/BATLJNOQ31/161939/charter
,,https://www.monasterium.net/mom/DE-LKAEKKW/UGudensberg/7/charter
,,https://www.monasterium.net/mom/AT-NOeLA/HA_Seefeld-HardeggerUrk/Hardegger_Urk_1404/charter
,,https://www.monasterium.net/mom/HU-MNL-DLKINL/MKANRAQ311/60477/charter
,,https://www.monasterium.net/mom/DE-StASGD/A01U/U_1393/charter
,,https://www.monasterium.net/mom/HU-MNL-DLEOKL/KKOLPQ333/89032/charter
,,https://www.monasterium.net/mom/AT-NOeLA/HA_Seefeld-HardeggerUrk/Hardegger_Urk_0049/charter
,,https://www.monasterium.net/mom/DE-BayHStA/KUNiederaltaich/1484/charter
,,https://www.monasterium.net/mom/IT-BSNSP/08-S_Maria_della_Grotta/3_BB_II_10/charter
,,https://www.monasterium.net/mom/HU-MNL-DLCSLP/KISCSQ105/150495/charter
,,https://www.monasterium.net/mom/HU-MNL-DLGYUJ/MAGNMTQ10/45263/charter
,,https://www.monasterium.net/mom/AT-StiAL/LambachOSB/1460_II_20/charter
,,https://www.monasterium.net/mom/HU-MNL-DLGYUJ/MAGNMTQ10/73195/charter
,,https://www.monasterium.net/mom/HU-MNL-DLEOKL/KKOLPQ333/155705/charter
,,https://www.monasterium.net/mom/DE-BayHStA/HUPassau/3646/charter
,,https://www.monasterium.net/mom/HU-MNL-DLCSLP/BATCSMAIQ384/73465/charter
,,https://www.monasterium.net/mom/DE-HStASt/HStASt_A502/A_502_U_1050/charter
,,https://www.monasterium.net/mom/DE-HStAMa/UrkHersfeld/1362/charter
,,https://www.monasterium.net/mom/CZ-NA/AZK/1301/charter
,,https://www.monasterium.net/mom/CZ-SOAP/ChebSvK/L50/charter
,,https://www.monasterium.net/mom/HU-MNL-DLCSLP/BEZCSMENQ42/32129/charter
,,https://www.monasterium.net/mom/IT-BSNSP/08-S_Maria_della_Grotta/3_BB_I_33/charter
,,https://www.monasterium.net/mom/HU-MNL-DLKINL/MKAAEOEMQ332/84416/charter
,,https://www.monasterium.net/mom/AT-StiAM/MelkOSB/1423_IV_28/charter
,,https://www.monasterium.net/mom/AT-StiAR/ReichersbergCanReg/1384_V_25/charter
,,https://www.monasterium.net/mom/AT-AES/Urkunden/1704/charter
,,https://www.monasterium.net/mom/HU-MNL-DLCSLP/BATLJNOQ31/135535/charter
,,https://www.monasterium.net/mom/AT-StiARein/ReinOCist/A_III%7C11/charter
,,https://www.monasterium.net/mom/AT-StaAZ/Urkunden/94/charter
,,https://www.monasterium.net/mom/DE-BayHStA/KURegensburgStEmmeram/003107-2/charter
,,https://www.monasterium.net/mom/IT-BSNSP/CarteFeudali/1_AA_IV_9/charter
,,https://www.monasterium.net/mom/DE-StAAm/Waldsassen/1061/charter
,,https://www.monasterium.net/mom/CH-StiASG/Urkunden/DD.2.B.8/charter
,,https://www.monasterium.net/mom/AT-StiAMB/MbOSB/A_2698/charter
,,https://www.monasterium.net/mom/HU-MNL-DLKINL/MKANRAQ311/30720/charter
,,https://www.monasterium.net/mom/AT-WStLA/HAUrk/1426/charter
,,https://www.monasterium.net/mom/CZ-NA/AZK/1043/charter
,,https://www.monasterium.net/mom/HU-MNL-DLKINL/MKANRAQ311/2998/charter
,,https://www.monasterium.net/mom/HU-MNL-DLKINL/MKANRAQ311/27879/charter
,,https://www.monasterium.net/mom/CZ-APH/AMK/092-IV%7C18/charter
,,https://www.monasterium.net/mom/DE-BayHStA/KUPassauStNikola/%284976%29/charter
,,https://www.monasterium.net/mom/DE-StASGD/A01U/U_769/charter
,,https://www.monasterium.net/mom/AT-VLA/BregenzPfA/7052/charter
,,https://www.monasterium.net/mom/HU-MNL-DLKINL/MKANRAQ311/150539/charter
,,https://www.monasterium.net/mom/HU-MNL-DLKINL/MKAAEQ316/146226/charter
,,https://www.monasterium.net/mom/HU-MNL-DLCSLA/SIGCSQ263/79120/charter
,,https://www.monasterium.net/mom/DE-BayHStA/KUFrauenchiemsee/168/charter
,,https://www.monasterium.net/mom/DE-StAN/hlgeistspital/453/charter
,,https://www.monasterium.net/mom/AT-StiAKr/KremsmuensterOSB/1447_III_16/charter
,,https://www.monasterium.net/mom/AT-VLA/HohenemsRgft/8575/charter
,,https://www.monasterium.net/mom/AT-HHStA/AUR/AUR_1448/charter
,,https://www.monasterium.net/mom/AT-StiAStams/Urkunden/B_XVI_9/charter
,,https://www.monasterium.net/mom/AT-HHStA/SbgE/AUR_1380_III_03/charter
,,https://www.monasterium.net/mom/DE-GLAK/GLAK_34/34_Nr_1653/charter
,,https://www.monasterium.net/mom/IT-ASNA/Varie-II/5/charter
,,https://www.monasterium.net/mom/HU-MNL-DLKINL/MKAAEOEMQ332/102434/charter
,,https://www.monasterium.net/mom/HU-VFL/KO/DF-201252/charter
,,https://www.monasterium.net/mom/EE-TLA/TallinnaMagistraat/TLA.230.1-I.45/charter
,,https://www.monasterium.net/mom/HU-MNL-DLCSLP/BARCSQ26/44499/charter
,,https://www.monasterium.net/mom/HU-MNL-DLKINL/MKAAEQ316/124294/charter
,,https://www.monasterium.net/mom/SK-SNA/4156-SukromnyArchivBratislavskejKapituly/392/charter
,,https://www.monasterium.net/mom/AT-StiASP/Urkunden/Urk_Nr_3158-1580_I_5/charter
,,https://www.monasterium.net/mom/HU-MNL-DLKINL/MKAAPQ312/73684/charter
,,https://www.monasterium.net/mom/AT-AES/Urkunden/3015/charter
,,https://www.monasterium.net/mom/DE-UAHD/LambrechtKloster/XII%2C2_Nr_435-1477_April_22_%5BNeustadt_an_der_Weinstra%C3%9Fe%5D/charter
,,https://www.monasterium.net/mom/AT-NOeLA/HA_Stettl/HA_Stetteldorf_Urk_030/charter
,,https://www.monasterium.net/mom/DE-HStAMa/urk76/409/charter
,,https://www.monasterium.net/mom/HU-MNL-DLKINL/MKANRAQ311/156400/charter
,,https://www.monasterium.net/mom/HU-MNL-DLCSLP/SZECSQ174/145162/charter
,,https://www.monasterium.net/mom/SK-AMB/362/4848/charter
,,https://www.monasterium.net/mom/HausHunolstein/60997482-b6d8-41d3-ae89-6f03176f2918/charter
,,https://www.monasterium.net/mom/HU-MNL-DLCSLP/KHUCSQ103/140902/charter
,,https://www.monasterium.net/mom/HU-MNL-DLKINL/MKANRAQ311/80504/charter
,,https://www.monasterium.net/mom/CH-StiASG/Urkunden/JJ4_Z2/charter
,,https://www.monasterium.net/mom/AT-StaAB/Urkunden/Urkunde_1289/charter
,,https://www.monasterium.net/mom/HU-MNL-DLKINL/MKAAEOEMQ332/36135/charter
,,https://www.monasterium.net/mom/AT-DOZA/Urkunden/4092/charter
,,https://www.monasterium.net/mom/CH-StiASG/Urkunden/J4_G5/charter
,,https://www.monasterium.net/mom/DE-ABP/Urkunden/1556_XI_02/charter
,,https://www.monasterium.net/mom/HU-MNL-DLCSLP/BATCSQ388/122418/charter
,,https://www.monasterium.net/mom/DE-HStAMa/Urk.37/962/charter
,,https://www.monasterium.net/mom/HU-MNL-DLCSLA/VAYCSBERQ203/91386/charter
,,https://www.monasterium.net/mom/HU-MNL-DLGYUJ/TAGKGQ374/158566/charter
,,https://www.monasterium.net/mom/CZ-SOAP/TeplaOPraem/L287/charter
,,https://www.monasterium.net/mom/HU-MNL-DLKINL/MKAAJQ313/24318/charter
,,https://www.monasterium.net/mom/HU-MNL-DLCSLP/ZICCSZSEQ206/75753/charter
,,https://www.monasterium.net/mom/SK-SNA/4185-RodKubinsky-demaenovskaVetva/8%28ins_1%29/charter
,,https://www.monasterium.net/mom/HU-MNL-DLCSLP/SZICSQ178/27441/charter
,,https://www.monasterium.net/mom/CZ-NA/RP/262/charter
,,https://www.monasterium.net/mom/HU-MNL-DLKINL/MKAAPQ312/64978/charter
,,https://www.monasterium.net/mom/DE-BayHStA/KURegensburgStEmmeram/000494/charter
,,https://www.monasterium.net/mom/AT-HHStA/SbgE/AUR_1488-1490.37/charter
,,https://www.monasterium.net/mom/DE-LHAKO/55A4/664/charter
,,https://www.monasterium.net/mom/ES-AHN/SantaMariadeArmenteira/CLERO-SECULAR_REGULAR%2CCar.1763%2CN.1/charter
,,https://www.monasterium.net/mom/HU-MNL-DLKINL/MKANRAQ311/149694/charter
,,https://www.monasterium.net/mom/CZ-MZA/E09/1268_II_08/charter
,,https://www.monasterium.net/mom/DE-BayHStA/PassauDomkapitel/8711/charter
,,https://www.monasterium.net/mom/HU-MNL-DLKINL/MKAAFNQ305/158089/charter
,,https://www.monasterium.net/mom/ArdCan/1418_XI_25/charter
,,https://www.monasterium.net/mom/HU-MNL-DLEOKL/KKOLPQ333/91961/charter
,,https://www.monasterium.net/mom/HU-MNL-DLKINL/MKANRAQ311/124582/charter
,,https://www.monasterium.net/mom/DE-AVBautzen/Urkunden/1126/charter
,,https://www.monasterium.net/mom/HU-MNL-DLKINL/MKANRAQ311/118315/charter
,,https://www.monasterium.net/mom/AT-StiAG/GoettweigOSB/1340_I_30/charter
,,https://www.monasterium.net/mom/CH-StiASG/Urkunden/Rubr_13-Fasz_8.3/charter
,,https://www.monasterium.net/mom/AT-StiAH/HeiligenkreuzOCist/1276_XII_22.1/charter
,,https://www.monasterium.net/mom/IT-BSNSP/26-Orsini/10_CC_I_20/charter
,,https://www.monasterium.net/mom/HU-MNL-DLKINL/MKANRAQ311/3051/charter
,,https://www.monasterium.net/mom/AT-WStLA/InnUrk/WStLA_Inn_Urk_24%7C5/charter
,,https://www.monasterium.net/mom/DE-GAUnivGoet/AppDipl10E/App_dipl_10_E_IX_23/charter
,,https://www.monasterium.net/mom/HU-MNL-DLCSLA/PONCSBASQ257/151828/charter
,,https://www.monasterium.net/mom/DE-StaASpeyer/1U/0536/charter
,,https://www.monasterium.net/mom/AT-OOeLA/Enns/15530315/charter
,,https://www.monasterium.net/mom/HU-MNL-DLCSLP/GORCSGORQ83/70690/charter
,,https://www.monasterium.net/mom/HU-MNL-DLKINL/MKAAEOEMQ332/42511/charter
,,https://www.monasterium.net/mom/AT-WStLA/HAUrk/791/charter
,,https://www.monasterium.net/mom/HU-MNL-DLKINL/MKANRAQ311/74409/charter
,,https://www.monasterium.net/mom/HU-MNL-DLKINL/MKANRAQ311/30987/charter
,,https://www.monasterium.net/mom/HU-MNL-DLKINL/MKANRAQ311/134563/charter
,,https://www.monasterium.net/mom/AT-NOeLA/A_Glogg/A_Gloggnitz_Propstei_Urk_099/charter
,,https://www.monasterium.net/mom/HU-MNL-DLCSLP/RADCSSAJQ154/100546/charter
,,https://www.monasterium.net/mom/HU-MNL-DLCSLP/ZICCSZSEQ206/85251/charter
,,https://www.monasterium.net/mom/DE-HStAMa/Urk.37/78/charter
,,https://www.monasterium.net/mom/AT-KLA/AUR/AT-KLA_418-B-A_1642_St/charter
,,https://www.monasterium.net/mom/HU-MNL-DLKINL/MKAAPQ312/118713/charter
,,https://www.monasterium.net/mom/AT-HHStA/SbgE/AUR_1367_VI_17/charter
,,https://www.monasterium.net/mom/CH-StiASG/Urkunden/Z5_C19/charter
,,https://www.monasterium.net/mom/AT-VLA/ohneHerkunftsangabe/5985/charter
,,https://www.monasterium.net/mom/HU-MNL-DLEOKL/KKOLPQ333/119953/charter
,,https://www.monasterium.net/mom/HU-MNL-DLCSLP/KALCSQ93/64869/charter
,,https://www.monasterium.net/mom/AT-StiAMB/MbOSB/K_117/charter
,,https://www.monasterium.net/mom/CZ-NA/AZK%7CCheb/1337/charter
,,https://www.monasterium.net/mom/EE-Rahvusarhiiv/EestimaaRueuetelkond/EAA.854.2.251/charter
,,https://www.monasterium.net/mom/DE-StaAMainz/Urkunden/U_%7C_1288_Januar_6/charter
,,https://www.monasterium.net/mom/AT-ADG/AGDK/X-3-7/charter
,,https://www.monasterium.net/mom/DE-StaASpeyer/1Uchron/1000/charter
,,https://www.monasterium.net/mom/HU-MNL-DLCSLP/RAKCSQ156/78272/charter
,,https://www.monasterium.net/mom/AT-KLA/AUR/AT-KLA_418-B-C_1666_St/charter
,,https://www.monasterium.net/mom/AT-KLA/KLA-030_2/AT-KLA_30.2-B-360_St/charter
,,https://www.monasterium.net/mom/DE-HLBFulda/urkunden/20/charter
,,https://www.monasterium.net/mom/HU-MNL-DLGYUJ/MAGNMTQ10/42004/charter
,,https://www.monasterium.net/mom/DE-HStASt/HStASt_A502/A_502_U_1413/charter
,,https://www.monasterium.net/mom/ES-AHN/SantaMariadeArmenteira/CLERO-SECULAR_REGULAR%2CCar.1774%2CN.11/charter
,,https://www.monasterium.net/mom/HU-MNL-DLCSLP/FESCSQ73/50432/charter
,,https://www.monasterium.net/mom/AT-SLA/Erzstift/SLA_OU_1507_II_26/charter
,,https://www.monasterium.net/mom/AggOCart/1400_XI_04/charter
,,https://www.monasterium.net/mom/DE-HStAMa/UrkHersfeld/847/charter
,,https://www.monasterium.net/mom/DE-HStAMa/urk76/197/charter
,,https://www.monasterium.net/mom/DE-BayHStA/HUPassau/146/charter
,,https://www.monasterium.net/mom/HU-MNL-DLCSLP/KALCSQ93/93955/charter
,,https://www.monasterium.net/mom/AT-HHStA/SbgDK/AUR_1248_VIII_09/charter
,,https://www.monasterium.net/mom/CZ-SOAT/CizyStatky/399/charter
,,https://www.monasterium.net/mom/DE-UAHD/ZellStift/XII%2C2_Nr_221-1381_Dezember_24%2C/charter
,,https://www.monasterium.net/mom/AT-StiALi/LilienfeldOCist/1333_IV_24/charter
,,https://www.monasterium.net/mom/AT-HHStA/SbgE/AUR_1314_III_02/charter
,,https://www.monasterium.net/mom/Laureshamensis/cae712d2-86c3-43b8-b7c1-f0242bd98ba6/charter
,,https://www.monasterium.net/mom/DE-BayHStA/KUAltenhohenau/50/charter
,,https://www.monasterium.net/mom/HU-MNL-DLKINL/MKAAPQ312/58286/charter
,,https://www.monasterium.net/mom/DE-BayHStA/KUPassauNiedernburg/27/charter
,,https://www.monasterium.net/mom/HU-MNL-DLGYUJ/MAGNMTQ10/155515/charter
,,https://www.monasterium.net/mom/HU-MNL-DLCSLP/ZICCSZSEQ206/65015/charter
,,https://www.monasterium.net/mom/DE-AVBautzen/Urkunden/2800/charter
,,https://www.monasterium.net/mom/AT-StiAMB/MbOSB/C_79/charter
,,https://www.monasterium.net/mom/HU-MNL-DLCSLP/BATCSHEIQ359/134707/charter
,,https://www.monasterium.net/mom/HU-MNL-DLINTI/SZEKKQ398/110931/charter
,,https://www.monasterium.net/mom/AT-VLA/SulzbergGA/3670/charter
,,https://www.monasterium.net/mom/HU-MNL-DLKINL/MKANRAQ311/98984/charter
,,https://www.monasterium.net/mom/AT-HHStA/TullnOP/1290_X_20/charter
,,https://www.monasterium.net/mom/AT-StiAZ/Urkunden/1324_III_21/charter
,,https://www.monasterium.net/mom/CZ-NA/ACK/1060/charter
,,https://www.monasterium.net/mom/AT-AES/Urkunden/1080/charter
,,https://www.monasterium.net/mom/AT-DAW/Urkunden/15060308_2/charter
,,https://www.monasterium.net/mom/SI-PAM/Listine/SI_PAM%7C0001_00989/charter
,,https://www.monasterium.net/mom/DE-BayHStA/KUWindberg/0454/charter
,,https://www.monasterium.net/mom/DE-BayHStA/KUPassauStNikola/%285410%29/charter
,,https://www.monasterium.net/mom/HU-MNL-DLKINL/MKANRAQ311/10277/charter
,,https://www.monasterium.net/mom/HU-MNL-DLKINL/MKANRAQ311/51823/charter
,,https://www.monasterium.net/mom/HU-MNL-DLKINL/MKANRAQ311/111826/charter
,,https://www.monasterium.net/mom/DE-BayHStA/PassauDomkapitel/1921/charter
,,https://www.monasterium.net/mom/IT-BSNSP/03-Compre_e_vendite/2_AA_IV_22/charter
,,https://www.monasterium.net/mom/HU-MNL-DLCSLP/PETCSQ149/97859/charter
,,https://www.monasterium.net/mom/DE-HStAMa/Urk.37/3469/charter
,,https://www.monasterium.net/mom/DE-HStAMa/UrkHersfeld/38/charter
,,https://www.monasterium.net/mom/AT-StiAHe/HerzogenburgCanReg/1435_XI_27/charter
,,https://www.monasterium.net/mom/DE-StAAm/Waldsassen/434/charter
,,https://www.monasterium.net/mom/AT-HHStA/SbgE/AUR_1458_XI_08.1/charter
,,https://www.monasterium.net/mom/HU-MNL-DLCSLP/MOTCSQ135/108967/charter
,,https://www.monasterium.net/mom/HU-MNL-DLCSLP/TIHCSQ196/73241/charter
,,https://www.monasterium.net/mom/HU-MNL-DLKINL/MKANRAQ311/69366/charter
,,https://www.monasterium.net/mom/HU-MNL-DLCSLA/BARCSQ27/110340/charter
,,https://www.monasterium.net/mom/AT-OOeLA/GleinkOSB/1556_I_27/charter
,,https://www.monasterium.net/mom/HU-MNL-DLCSLP/KISCSQ105/110434/charter
,,https://www.monasterium.net/mom/AT-StiASP/Urkunden/Urk_Nr_571-1380_III_4/charter
,,https://www.monasterium.net/mom/AT-ADG/AGDK/Zweinitz_18/charter
,,https://www.monasterium.net/mom/DE-BayHStA/KUPassauNiedernburg/957/charter
,,https://www.monasterium.net/mom/HU-MNL-DLCSLP/MAJCSQ122/151074/charter
,,https://www.monasterium.net/mom/AT-AES/Urkunden/715/charter
,,https://www.monasterium.net/mom/HU-MNL-DLCSLP/MARCSQ125/72362/charter
,,https://www.monasterium.net/mom/HU-MNL-DLCSLP/ZICCSZSEQ206/58634/charter
,,https://www.monasterium.net/mom/AT-StiAHe/StAndraeCanReg/1369_I_01/charter
,,https://www.monasterium.net/mom/AT-DOZA/Urkunden/1765_IX_02b/charter
,,https://www.monasterium.net/mom/HU-MNL-DLGYUJ/MAGNMTQ10/114153/charter
,,https://www.monasterium.net/mom/HU-MNL-DLKINL/MKANRAQ311/141560/charter
,,https://www.monasterium.net/mom/DE-AVBautzen/Urkunden/3288/charter
,,https://www.monasterium.net/mom/HU-MNL-DLKINL/MKAAEOEMQ332/80568/charter
,,https://www.monasterium.net/mom/HU-MNL-DLCSLA/VAYCSBERQ203/115760/charter
,,https://www.monasterium.net/mom/AT-OOeLA/GarstenOSB/1361_I_31/charter
,,https://www.monasterium.net/mom/AT-KLA/KLA-284/AT-KLA_284-B-140_St/charter
,,https://www.monasterium.net/mom/DE-BayHStA/KURaitenhaslach/1268/charter
,,https://www.monasterium.net/mom/DE-BayHStA/KUAltenhohenau/194/charter
,,https://www.monasterium.net/mom/AT-HHStA/SbgDK/AUR_1320_IV_13/charter
,,https://www.monasterium.net/mom/HU-MNL-DLCSLP/PERCSQ148/54026/charter
,,https://www.monasterium.net/mom/HU-MNL-DLKINL/MKANRAQ311/4979/charter
,,https://www.monasterium.net/mom/HU-MNL-DLCSLP/KALCSQ93/98498/charter
,,https://www.monasterium.net/mom/HU-MNL-DLKINL/MKACKQ342/104828/charter
,,https://www.monasterium.net/mom/HU-MNL-DLGYUJ/ISMPIQ317/159244/charter
,,https://www.monasterium.net/mom/AT-WStLA/HAUrk/2226/charter
,,https://www.monasterium.net/mom/DE-HStAMa/urk76/3728/charter
,,https://www.monasterium.net/mom/DE-UAHD/ZellKollektur/XII%2C2_Nr_1452-%5B1711%5D_%5BEinselthum%5D/charter
,,https://www.monasterium.net/mom/HU-MNL-DLKINL/MKAAEQ316/43452/charter
,,https://www.monasterium.net/mom/HU-MNL-DLCSLA/PONCSBASQ257/51538/charter
,,https://www.monasterium.net/mom/HU-MNL-DLKINL/MKANRAQ311/88306/charter
,,https://www.monasterium.net/mom/UrkVonZollernHohenbergII/b5653d29-483a-40ce-bad0-9bb55a97bc12/charter
,,https://www.monasterium.net/mom/DE-BayHStA/KUAldersbach/00095/charter
,,https://www.monasterium.net/mom/Laureshamensis/6503600a-8770-4486-be1d-f2bbb4842d84/charter
,,https://www.monasterium.net/mom/HU-MNL-DLEOKL/GYKOLCQ334/160742/charter
,,https://www.monasterium.net/mom/HU-MNL-DLKINL/MKANRAQ311/130/charter
,,https://www.monasterium.net/mom/HU-MNL-DLCSLP/ESTCSQ67/39221/charter
,,https://www.monasterium.net/mom/HU-MNL-DLCSLP/RADCSRADQ153/94902/charter
,,https://www.monasterium.net/mom/DE-BayHStA/HUPassau/2069/charter
,,https://www.monasterium.net/mom/HU-MNL-DLCSLP/BATCSQ386/101954/charter
,,https://www.monasterium.net/mom/HU-MNL-DLKINL/MKAAJQ313/46909/charter
,,https://www.monasterium.net/mom/CZ-NA/RM/2468/charter
,,https://www.monasterium.net/mom/AT-VLA/MehrerauKl/905/charter
,,https://www.monasterium.net/mom/DE-AVBautzen/Urkunden/1696/charter
,,https://www.monasterium.net/mom/SK-SNA/4165-BoryZBorov/9/charter
,,https://www.monasterium.net/mom/HU-MNL-DLCSLP/MARCSQ128/160322/charter
,,https://www.monasterium.net/mom/AT-DOZA/Urkunden/1761IV_26/charter
,,https://www.monasterium.net/mom/AT-StiAHe/HerzogenburgCanReg/1397_VIII_01/charter
,,https://www.monasterium.net/mom/AT-StiAL/LambachOSB/1478_VI_29/charter
,,https://www.monasterium.net/mom/AT-DAW/Urkunden/15600212/charter
,,https://www.monasterium.net/mom/AT-KLA/AUR/AT-KLA_418-B-C_2327_St/charter
,,https://www.monasterium.net/mom/AT-ADG/AGDK/2-5-3/charter
,,https://www.monasterium.net/mom/HU-MNL-DLCSLP/BETCSBETQ40/55544/charter
,,https://www.monasterium.net/mom/HU-MNL-DLEOKL/KKOLNQ370/122226/charter
,,https://www.monasterium.net/mom/AT-VLA/NenzingGA/3027/charter
,,https://www.monasterium.net/mom/DE-BayHStA/KUPassauStNikola/180/charter
,,https://www.monasterium.net/mom/AT-DAGS/Bistumsurkunden/I-187/charter
,,https://www.monasterium.net/mom/DE-BayHStA/KUWindberg/0397/charter
,,https://www.monasterium.net/mom/CH-KAE/Urkunden/KAE_Urkunde_Nr_386/charter
,,https://www.monasterium.net/mom/AT-WStLA/HAUrk/3781/charter
,,https://www.monasterium.net/mom/HU-MNL-DLCSLP/DESCSGROQ62/22242/charter
,,https://www.monasterium.net/mom/DE-StAN/hlgeistspital/377/charter
,,https://www.monasterium.net/mom/AT-OOeLA/Enns/14920329/charter
,,https://www.monasterium.net/mom/AT-HHStA/SbgE/AUR_1558_VI_04.4/charter
,,https://www.monasterium.net/mom/HU-MNL-DLCSLP/SIBCSQ167/39306/charter
,,https://www.monasterium.net/mom/DE-AVBautzen/Urkunden/0931/charter
,,https://www.monasterium.net/mom/AT-WStLA/HAUrk/3616/charter
,,https://www.monasterium.net/mom/SI-NSAL/NSAL/328/charter
,,https://www.monasterium.net/mom/AT-HHStA/SbgE/AUR_1478_X_06.2/charter
,,https://www.monasterium.net/mom/DE-BayHStA/KURegensburgStEmmeram/003031/charter
,,https://www.monasterium.net/mom/AT-KLA/AUR/AT-KLA_418-B-A_126_St/charter
,,https://www.monasterium.net/mom/CSGVII/1354_I_16/charter
,,https://www.monasterium.net/mom/HU-MNL-DLCSLP/KOLCSQ110/121403/charter
,,https://www.monasterium.net/mom/AT-KLA/AUR/AT-KLA_418-B-A_1471_St/charter
,,https://www.monasterium.net/mom/DE-StALB/DOKommendeMergentheimII/B_250_U_115/charter
,,https://www.monasterium.net/mom/HU-MNL-DLEOKL/KKOLPQ333/108336/charter
,,https://www.monasterium.net/mom/AT-KLA/KLA-099/AT-KLA_99-B-26_St/charter
,,https://www.monasterium.net/mom/HU-MNL-DLCSLP/KALCSQ93/64446/charter
,,https://www.monasterium.net/mom/HU-MNL-DLCSLP/KALCSQ93/100693/charter
,,https://www.monasterium.net/mom/DE-HStAMa/UrkHersfeld/183/charter
,,https://www.monasterium.net/mom/HU-MNL-DLCSLP/ZICCSZSEQ206/75357/charter
,,https://www.monasterium.net/mom/HU-MNL-DLKINL/MKAAJQ313/159318/charter
,,https://www.monasterium.net/mom/CZ-NA/RA/62/charter
,,https://www.monasterium.net/mom/DE-StAN/hlgeistspital/304/charter
,,https://www.monasterium.net/mom/HU-MNL-DLKINL/MKANRAQ311/21468/charter
,,https://www.monasterium.net/mom/HU-MNL-DLCSLA/VAYCSBERQ203/109394/charter
,,https://www.monasterium.net/mom/HU-MNL-DLCSLP/MEDCSQ130/56212/charter
,,https://www.monasterium.net/mom/HU-MNL-DLCSLA/VAYCSBERQ203/68734/charter
,,https://www.monasterium.net/mom/HU-MNL-DLCSLP/DESCSMARQ63/127939/charter
,,https://www.monasterium.net/mom/AT-StiAGe/Urkunden/1615/charter
,,https://www.monasterium.net/mom/HU-MNL-DLCSLP/BATCSACTQ383/127653/charter
,,https://www.monasterium.net/mom/HU-MNL-DLCSLP/UJHCSQ200/100561/charter
,,https://www.monasterium.net/mom/AT-VLA/BregenzPfA/7053/charter
,,https://www.monasterium.net/mom/AT-VLA/BregenzerwaldGer/3826/charter
,,https://www.monasterium.net/mom/HU-MNL-DLCSLP/BENCSQ35/156780/charter
,,https://www.monasterium.net/mom/HU-MNL-DLCSLP/MARCSQ125/108955/charter
,,https://www.monasterium.net/mom/AT-KLA/AUR/AT-KLA_418-B-A_2896_St/charter
,,https://www.monasterium.net/mom/AT-HHStA/MillstattOSB/1502_I_29/charter
,,https://www.monasterium.net/mom/AT-WStLA/HAUrk/5122/charter
,,https://www.monasterium.net/mom/HU-MNL-DLCSLP/MARCSQ125/11927/charter
,,https://www.monasterium.net/mom/HU-MNL-DLCSLP/CSAKCSILLQ51/32782/charter
,,https://www.monasterium.net/mom/HU-MNL-DLCSLP/KALCSQ93/56385/charter
,,https://www.monasterium.net/mom/HU-MNL-DLCSLP/BATCSQ388/10920/charter
,,https://www.monasterium.net/mom/HU-MNL-DLCSLP/KARCSQ97/15550/charter
,,https://www.monasterium.net/mom/HU-MNL-DLCSLP/LONCSQ116/171759/charter
,,https://www.monasterium.net/mom/HU-MNL-DLCSLP/RAKCSQ156/148918/charter
,,https://www.monasterium.net/mom/HU-MNL-DLKINL/MKAAEQ316/118080/charter
,,https://www.monasterium.net/mom/HU-MNL-DLCSLP/WATCSQ400/102252/charter
,,https://www.monasterium.net/mom/HU-MNL-DLCSLP/FESCSQ73/89709/charter
,,https://www.monasterium.net/mom/HU-MNL-DLCSLP/FESCSQ73/149584/charter
,,https://www.monasterium.net/mom/DE-BayHStA/KUPassauStNikola/%284059%29/charter
,,https://www.monasterium.net/mom/AT-DOZA/Urkunden/1661_II_15/charter
,,https://www.monasterium.net/mom/DE-AVBautzen/Urkunden/2741/charter
,,https://www.monasterium.net/mom/AT-HHStA/SbgE/AUR_1470_VIII_08.1/charter
,,https://www.monasterium.net/mom/AT-HHStA/SbgE/AUR_1512_IX_16/charter
,,https://www.monasterium.net/mom/HU-MNL-DLGYUJ/MAGNMTQ10/46716/charter
,,https://www.monasterium.net/mom/DE-StAAm/Waldsassen/1142/charter
,,https://www.monasterium.net/mom/HU-MNL-DLEOKL/KKOLCCQ320/71256/charter
,,https://www.monasterium.net/mom/HU-MNL-DLKINL/MKANRAQ311/39540/charter
,,https://www.monasterium.net/mom/CZ-NA/ACK/576/charter
,,https://www.monasterium.net/mom/HU-MNL-DLCSLP/BERCSBERQ38/13217/charter
,,https://www.monasterium.net/mom/SK-AMB/362/46/charter
,,https://www.monasterium.net/mom/HU-MNL-DLKINL/MKANRAQ311/71030/charter
,,https://www.monasterium.net/mom/HU-MNL-DLCSLP/KARCSQ97/4486/charter
,,https://www.monasterium.net/mom/AT-VLA/AltenburgAmt/4856/charter
,,https://www.monasterium.net/mom/AT-StiAMB/MbOSB/K_41/charter
,,https://www.monasterium.net/mom/AT-StiAG/GoettweigOSB/1464_II_25.1/charter
,,https://www.monasterium.net/mom/HU-MNL-DLCSLP/TELCSMARQ191/136197/charter
,,https://www.monasterium.net/mom/AT-WStLA/HAUrk/863/charter
,,https://www.monasterium.net/mom/HU-MNL-DLKINL/MKANRAQ311/90329/charter
,,https://www.monasterium.net/mom/AT-StiAL/LambachOSB/1440_V_09/charter
,,https://www.monasterium.net/mom/DE-StaAWuerzburg/Buergerspital/467/charter
,,https://www.monasterium.net/mom/AT-HHStA/SbgE/AUR_1362_VI_15/charter
,,https://www.monasterium.net/mom/HU-MNL-DLCSLP/KISCSQ106/104603/charter
,,https://www.monasterium.net/mom/HU-MNL-DLCSLP/FORCSQ75/141191/charter
,,https://www.monasterium.net/mom/HU-MNL-DLCSLP/ESTCSQ67/94957/charter
,,https://www.monasterium.net/mom/CZ-NA/AZK%7CJiri/345/charter
,,https://www.monasterium.net/mom/HU-MNL-DLEOKL/KKOLCCQ320/128849/charter
,,https://www.monasterium.net/mom/CSGVII/1359_VII_30/charter
,,https://www.monasterium.net/mom/HU-MNL-DLCSLA/MERCSQ247/32498/charter
,,https://www.monasterium.net/mom/HU-MNL-DLEOKL/GYKOLCCQ327/90310/charter
,,https://www.monasterium.net/mom/AT-VLA/ohneHerkunftsangabe/5726/charter
,,https://www.monasterium.net/mom/ES-AHN/MonasterioSantaMariaMontederramo/CLERO-SECULAR_REGULAR%2CCar.1498%2CN.18/charter
,,https://www.monasterium.net/mom/DE-StAAm/Waldsassen/707/charter
,,https://www.monasterium.net/mom/AT-DOZA/Urkunden/1715_III_29/charter
,,https://www.monasterium.net/mom/AT-HHStA/SbgE/AUR_1523_VII_13/charter
,,https://www.monasterium.net/mom/AT-AES/Urkunden/304/charter
,,https://www.monasterium.net/mom/DE-BayHStA/KURegensburgStEmmeram/002605/charter
,,https://www.monasterium.net/mom/AT-VLA/MehrerauKl/2388/charter
,,https://www.monasterium.net/mom/AT-KLA/AUR/AT-KLA_418-B-C_1337_F_St/charter
,,https://www.monasterium.net/mom/DE-BayHStA/KUVilshofen/551/charter
,,https://www.monasterium.net/mom/AT-VLA/HohenemsRgft/8842/charter
,,https://www.monasterium.net/mom/HU-MNL-DLCSLP/ZICCSZSEQ206/19248/charter
,,https://www.monasterium.net/mom/AT-HHStA/SbgDK/AUR_1395_III_30/charter
,,https://www.monasterium.net/mom/AT-StiAR/ReichersbergCanReg/1398_IV_18/charter
,,https://www.monasterium.net/mom/IT-BSNSP/16-Napoli_monasteri_di_S_Gregorio_S_Arcangelo_a_Baiano_e_S_Martino/9_BB_IV_35/charter
,,https://www.monasterium.net/mom/HU-MNL-DLKINL/MKANRAQ311/36609/charter
,,https://www.monasterium.net/mom/DE-BayHStA/PassauDomkapitel/2298/charter
,,https://www.monasterium.net/mom/HU-MNL-DLCSLP/FORCSQ75/69638/charter
,,https://www.monasterium.net/mom/AT-StAHorn/Pergamenturkunden/Nr_25/charter
,,https://www.monasterium.net/mom/HU-MNL-DLGYUJ/MAGNMTQ10/137927/charter
,,https://www.monasterium.net/mom/AT-VLA/ohneHerkunftsangabe/7682/charter
,,https://www.monasterium.net/mom/DE-BayHStA/KUPassauStNikola/%285317%29/charter
,,https://www.monasterium.net/mom/DE-HStAMa/urk76/756/charter
,,https://www.monasterium.net/mom/AT-StiAWilten/Urkunden/145_F_02/charter
,,https://www.monasterium.net/mom/HU-MNL-DLKINL/MKANRAQ311/126814/charter
,,https://www.monasterium.net/mom/DE-HStAMa/urk76/4495/charter
,,https://www.monasterium.net/mom/HU-MNL-DLKINL/MKAAFNQ305/1284/charter
,,https://www.monasterium.net/mom/CZ-NA/CGL/2190/charter
,,https://www.monasterium.net/mom/DE-GLAK/GLAK_34/34_Nr_1012/charter
,,https://www.monasterium.net/mom/DE-UBHD/UrkLehmann/Urk_Lehmann_105/charter
,,https://www.monasterium.net/mom/HU-MNL-DLCSLP/ZICCSZSEQ206/58976/charter
,,https://www.monasterium.net/mom/DE-StAN/hlgeistspital/713/charter
,,https://www.monasterium.net/mom/AT-VLA/ohneHerkunftsangabe/7432/charter
,,https://www.monasterium.net/mom/HU-MNL-DLCSLP/ESTCSTATQ70/45257/charter
,,https://www.monasterium.net/mom/AT-StiAStams/Urkunden/B_XXX_3/charter
,,https://www.monasterium.net/mom/HU-MNL-DLGYUJ/MAGNMTQ10/43742/charter
,,https://www.monasterium.net/mom/HU-MNL-DLCSLP/KARCSQ98/990/charter
,,https://www.monasterium.net/mom/DE-StALB/StAL_B509/B_509_U_1187/charter
,,https://www.monasterium.net/mom/HU-MNL-DLKINL/MKANRAQ311/59825/charter
,,https://www.monasterium.net/mom/DE-HStAMa/urk77/99/charter
,,https://www.monasterium.net/mom/AT-KLA/KLA-022/AT-KLA_22-B-79_St/charter
,,https://www.monasterium.net/mom/HU-MNL-DLCSLP/LONCSQ116/100082/charter
,,https://www.monasterium.net/mom/DE-BayHStA/HUPassau/399/charter
,,https://www.monasterium.net/mom/AT-DOZA/Urkunden/1679_VII_12/charter
,,https://www.monasterium.net/mom/AT-WStLA/HAUrk/3851/charter
,,https://www.monasterium.net/mom/HU-MNL-DLCSLP/KEGCSQ101/112002/charter
,,https://www.monasterium.net/mom/AT-WStLA/HAUrk/5944/charter
,,https://www.monasterium.net/mom/CSGV/1303_X_25/charter
,,https://www.monasterium.net/mom/DE-BayHStA/KUFuerstenzell/42/charter
,,https://www.monasterium.net/mom/CZ-DABB/KM/1657_VII_16/charter
,,https://www.monasterium.net/mom/DE-BayHStA/HUPassau/2182/charter
,,https://www.monasterium.net/mom/AT-StiAA/Urkunden/1322_IV_24/charter
,,https://www.monasterium.net/mom/HU-MNL-DLCSLA/TIVCSTROQ275/52930/charter
,,https://www.monasterium.net/mom/HU-MNL-DLKINL/MKANRAQ311/8722/charter
,,https://www.monasterium.net/mom/AT-VLA/FeldkirchVogteiA/3516/charter
,,https://www.monasterium.net/mom/DE-BayHStA/KURegensburgStEmmeram/004102/charter
,,https://www.monasterium.net/mom/CSGIX/1380_VIII_09/charter
,,https://www.monasterium.net/mom/AT-DASP/Urkunden/1504_VIII_10/charter
,,https://www.monasterium.net/mom/HU-MNL-DLCSLP/PETCSQ150/76771/charter
,,https://www.monasterium.net/mom/HU-MNL-DLCSLP/ZICCSZSEQ206/148955/charter
,,https://www.monasterium.net/mom/HU-MNL-DLGYUJ/MAGNMTQ10/69734/charter
,,https://www.monasterium.net/mom/HU-MNL-DLEOKL/KKOLVIQ323/111907/charter
,,https://www.monasterium.net/mom/DE-AVBautzen/Urkunden/2695/charter
,,https://www.monasterium.net/mom/HU-MNL-DLCSLP/RAKCSQ156/111139/charter
,,https://www.monasterium.net/mom/HU-VFL/KO/DF-200657/charter
,,https://www.monasterium.net/mom/AT-KLA/KLA-284/AT-KLA_284-B-362_St/charter
,,https://www.monasterium.net/mom/DE-HStAMa/Urk.37/3146/charter
,,https://www.monasterium.net/mom/AT-HHStA/SbgE/AUR_1300_XII_09.1/charter
,,https://www.monasterium.net/mom/HU-MNL-DLCSLP/MANCSQ123/46795/charter
,,https://www.monasterium.net/mom/HU-MNL-DLGYUJ/MAGNMTQ10/62017/charter
,,https://www.monasterium.net/mom/HU-MNL-DLGYUJ/MAGNMTQ10/15439/charter
,,https://www.monasterium.net/mom/AT-OOeLA/GarstenOSB/1404_VII_04/charter
,,https://www.monasterium.net/mom/AT-StiAR/ReichersbergCanReg/1486_II_14/charter
,,https://www.monasterium.net/mom/HU-MNL-DLKINL/MKANRAQ311/39396/charter
,,https://www.monasterium.net/mom/AT-StaAB/Urkunden/Urkunde_1087/charter
,,https://www.monasterium.net/mom/HU-MNL-DLKINL/MKANRAQ311/4224/charter
,,https://www.monasterium.net/mom/DE-HStAMa/urk76/1695/charter
,,https://www.monasterium.net/mom/SK-AMB/362/3287/charter
,,https://www.monasterium.net/mom/CZ-NA/CGL/1261/charter
,,https://www.monasterium.net/mom/DE-BayHStA/KUPassauStNikola/%281871%29/charter
,,https://www.monasterium.net/mom/AT-DOZA/Urkunden/1673_I_10/charter
,,https://www.monasterium.net/mom/HU-MNL-DLKINL/MKANRAQ311/104412/charter
,,https://www.monasterium.net/mom/HU-MNL-DLKINL/MKANRAQ311/59676/charter
,,https://www.monasterium.net/mom/CH-StiASG/Urkunden/FF.4.F.29/charter
,,https://www.monasterium.net/mom/DE-HStASt/HStASt_A502/A_502_U_746/charter
,,https://www.monasterium.net/mom/HU-MNL-DLCSLP/MAJCSQ122/33521/charter
,,https://www.monasterium.net/mom/HU-MNL-DLCSLP/PERCSQ148/118817/charter
,,https://www.monasterium.net/mom/DE-BayHStA/KURegensburgStEmmeram/001201/charter
,,https://www.monasterium.net/mom/DE-HStAMa/urk80/717/charter
,,https://www.monasterium.net/mom/CZ-MZA/E57/1502_VIII_27/charter
,,https://www.monasterium.net/mom/AT-DAGS/Pfarrurkunden/II-147/charter
,,https://www.monasterium.net/mom/HU-MNL-DLCSLP/FESCSQ73/3671/charter
,,https://www.monasterium.net/mom/IT-BST/BST/Seminario_53/charter
,,https://www.monasterium.net/mom/DE-GLAK/GLAK_34/34_Nr_1027/charter
,,https://www.monasterium.net/mom/HU-MNL-DLKINL/MKANRAQ311/15870/charter
,,https://www.monasterium.net/mom/SK-AMB/362/101/charter
,,https://www.monasterium.net/mom/AT-StiASch/SchlierbachOCist/1656_VIII_07/charter
,,https://www.monasterium.net/mom/HU-MNL-DLKINL/MKANRAQ311/30788/charter
,,https://www.monasterium.net/mom/HU-MNL-DLINTI/BUDKQ397/140078/charter
,,https://www.monasterium.net/mom/AT-KLA/AUR/AT-KLA_418-B-A_1417_St/charter
,,https://www.monasterium.net/mom/HU-MNL-DLCSLP/TELCSMARQ191/39317/charter
,,https://www.monasterium.net/mom/AT-KLA/AUR/AT-KLA_418-B-C_138_St/charter
,,https://www.monasterium.net/mom/HU-MNL-DLKINL/MKANRAQ311/143178/charter
,,https://www.monasterium.net/mom/HU-MNL-DLCSLA/BARCSQ27/128739/charter
,,https://www.monasterium.net/mom/HU-MNL-DLCSLA/VAYCSBERQ203/157060/charter
,,https://www.monasterium.net/mom/ES-AHN/MonasterioSantaMariadeOseira/CLERO-SECULAR_REGULAR%2CCar.1517%2CN.9/charter
,,https://www.monasterium.net/mom/DE-StaAWuerzburg/Buergerspital/285/charter
,,https://www.monasterium.net/mom/DE-LHAKO/55A4/549/charter
,,https://www.monasterium.net/mom/DE-BayHStA/KUWindberg/0054/charter
,,https://www.monasterium.net/mom/HU-MNL-DLINTI/SZEKKQ398/2034/charter
,,https://www.monasterium.net/mom/DE-StAAm/Waldsassen/1489/charter
,,https://www.monasterium.net/mom/DE-GAUnivGoet/AppDipl10E/App_dipl_10_E_XXI_33/charter
,,https://www.monasterium.net/mom/HU-MNL-DLCSLP/MEDCSQ130/70152/charter
,,https://www.monasterium.net/mom/IT-ASNA/SGA/SGA_PE_314/charter
,,https://www.monasterium.net/mom/HU-MNL-DLKINL/MKANRAQ311/101552/charter
,,https://www.monasterium.net/mom/AT-KLA/AUR/AT-KLA_418-B-A_1438_St/charter
,,https://www.monasterium.net/mom/SK-SNA/3900-HodnoverneMiestoBratislavskaKapitula/135/charter
,,https://www.monasterium.net/mom/DE-StaASpeyer/1U/0160/charter
,,https://www.monasterium.net/mom/AT-HHStA/SbgE/AUR_1674_X_10/charter
,,https://www.monasterium.net/mom/SK-AMB/362/4022/charter
,,https://www.monasterium.net/mom/CZ-NA/CGL/4377/charter
,,https://www.monasterium.net/mom/DE-StALB/DOKommendeMergentheimI/B_249_U_35/charter
,,https://www.monasterium.net/mom/CZ-NA/CGL/341/charter
,,https://www.monasterium.net/mom/HU-MNL-DLCSLA/BARCSQ27/45219/charter
,,https://www.monasterium.net/mom/DE-UAHD/HeidelbergUniversitaet/XII%2C1_Nr_57%7C2-1728_September_9_Mannheim/charter
,,https://www.monasterium.net/mom/AT-StiAL/LambachOSB/1414_IV_16/charter
,,https://www.monasterium.net/mom/AT-DOZA/Urkunden/224/charter
,,https://www.monasterium.net/mom/HU-MNL-DLKINL/MKANRAQ311/115604/charter
,,https://www.monasterium.net/mom/CZ-NA/AZK%7CJiri/339/charter
,,https://www.monasterium.net/mom/CZ-DABB/KB/1665_VII_16/charter
,,https://www.monasterium.net/mom/HU-MNL-DLKINL/MKAAPQ312/85477/charter
,,https://www.monasterium.net/mom/AT-AES/Urkunden/2217/charter
,,https://www.monasterium.net/mom/HU-MNL-DLEOKL/GYKOLCQ334/152158/charter
,,https://www.monasterium.net/mom/AT-StiAG/GoettweigOSB/1439_IV_27/charter
,,https://www.monasterium.net/mom/HU-MNL-DLEOKL/KKOLPQ333/157878/charter
,,https://www.monasterium.net/mom/AT-StiAWilten/Urkunden/075_C_06/charter
,,https://www.monasterium.net/mom/HU-MNL-DLCSLA/BARCSQ27/51804/charter
,,https://www.monasterium.net/mom/DE-AVBautzen/Urkunden/4262/charter
,,https://www.monasterium.net/mom/DE-GLAK/GLAK_34/34_Nr_1675/charter
,,https://www.monasterium.net/mom/AT-SLA/Chiemsee/SLA_OU_1718_VII_01/charter
,,https://www.monasterium.net/mom/AT-StiAL/LambachOSB/1432_XII_14/charter
,,https://www.monasterium.net/mom/HU-MNL-DLCSLA/VAYCSBERQ203/17704/charter
,,https://www.monasterium.net/mom/SK-AMB/362/1899/charter
,,https://www.monasterium.net/mom/AT-DAGS/Pfarrurkunden/II-358/charter
,,https://www.monasterium.net/mom/AT-SLA/Erzstift/SLA_OU_1573_XII_17/charter
,,https://www.monasterium.net/mom/DE-AVBautzen/Urkunden/0803/charter
,,https://www.monasterium.net/mom/HU-MNL-DLKINL/MKANRAQ311/84783/charter
,,https://www.monasterium.net/mom/DE-StALB/StAL_B509/B_509_U_67/charter
,,https://www.monasterium.net/mom/HU-MNL-DLCSLP/KALCSQ93/48094/charter
,,https://www.monasterium.net/mom/DE-StaASpeyer/1Uchron/989/charter
,,https://www.monasterium.net/mom/AT-StiAM/MelkOSB/1348_XI_13/charter
,,https://www.monasterium.net/mom/CZ-NA/CDKM/28/charter
,,https://www.monasterium.net/mom/AT-StiAL/LambachOSB/1453_VII_04/charter
,,https://www.monasterium.net/mom/HU-MNL-DLKINL/MKAAEQ316/23974/charter
,,https://www.monasterium.net/mom/AT-OOeLA/GleinkOSB/1524_I_26/charter
,,https://www.monasterium.net/mom/HU-MNL-DLCSLP/KALCSQ93/99140/charter
,,https://www.monasterium.net/mom/AT-StiAM/MelkOSB/1483_IX_24.5/charter
,,https://www.monasterium.net/mom/AT-HHStA/SbgE/AUR_1317_VIII_21/charter
,,https://www.monasterium.net/mom/CZ-NA/KVs/305/charter
,,https://www.monasterium.net/mom/CZ-NA/CGL/1224/charter
,,https://www.monasterium.net/mom/CZ-NA/RA/70/charter
,,https://www.monasterium.net/mom/DE-HStAMa/Urk.37/3039/charter
,,https://www.monasterium.net/mom/DE-HStAMa/UrkHersfeld/1473/charter
,,https://www.monasterium.net/mom/HU-MNL-DLCSLP/RAKCSQ156/149847/charter
,,https://www.monasterium.net/mom/DE-HStAMa/UrkHersfeld/913/charter
,,https://www.monasterium.net/mom/HU-MNL-DLCSLP/KALCSQ93/69309/charter
,,https://www.monasterium.net/mom/AT-KLA/AUR/AT-KLA_418-B-A_2058_St/charter
,,https://www.monasterium.net/mom/HU-MNL-DLCSLP/FESCSQ73/17842/charter
,,https://www.monasterium.net/mom/Laureshamensis/457dc694-ba64-4d42-8cee-d0b33f8b7529/charter
,,https://www.monasterium.net/mom/AT-StiARein/ReinOCist/A_VII%7C85/charter
,,https://www.monasterium.net/mom/AT-StiAL/LambachOSB/1404_XII_31/charter
,,https://www.monasterium.net/mom/HU-MNL-DLCSLP/ZICCSZSEQ206/62034/charter
,,https://www.monasterium.net/mom/AT-StiASei/SeitenstettenOSB/1324_V_23/charter
,,https://www.monasterium.net/mom/DE-BayHStA/KUPassauStNikola/%283963%29/charter
,,https://www.monasterium.net/mom/HU-MNL-DLCSLP/KALCSQ93/20131/charter
,,https://www.monasterium.net/mom/HU-MNL-DLGYUJ/MAGNMTQ10/50904/charter
,,https://www.monasterium.net/mom/DE-HStAMa/UrkHersfeld/2093/charter
,,https://www.monasterium.net/mom/AT-OOeLA/GarstenOSB/1397_IV_24/charter
,,https://www.monasterium.net/mom/DE-BayHStA/HUPassau/3400/charter
,,https://www.monasterium.net/mom/CZ-APH/AMK/701-XXIV%7C27/charter
,,https://www.monasterium.net/mom/CZ-MZA/E57/1251.1/charter
,,https://www.monasterium.net/mom/AT-HHStA/SbgE/AUR_1537_IV_16/charter
,,https://www.monasterium.net/mom/HU-MNL-DLKINL/MKANRAQ311/91693/charter
,,https://www.monasterium.net/mom/HU-MNL-DLKINL/MKAAEOEMQ332/29174/charter
,,https://www.monasterium.net/mom/CH-StiASG/Urkunden/CC3_D13/charter
,,https://www.monasterium.net/mom/HU-MNL-DLCSLP/FESCSQ73/101636/charter
,,https://www.monasterium.net/mom/HU-MNL-DLCSLP/SZTCSQ181/86093/charter
,,https://www.monasterium.net/mom/AT-StiASP/Urkunden/Urk_Nr_2091-1528_VIII_11/charter
,,https://www.monasterium.net/mom/CZ-SOAT/CizyRody/419/charter
,,https://www.monasterium.net/mom/AT-VLA/RoethisGA/4413/charter
,,https://www.monasterium.net/mom/DE-BayHStA/KUFrauenchiemsee/1234/charter
,,https://www.monasterium.net/mom/HU-MNL-DLGYUJ/MAGNMTQ10/75059/charter
,,https://www.monasterium.net/mom/HU-MNL-DLCSLP/ESTCSQ67/79819/charter
,,https://www.monasterium.net/mom/HU-MNL-DLCSLP/KARCSQ97/113060/charter
,,https://www.monasterium.net/mom/HU-MNL-DLKINL/MKANRAQ311/93607/charter
,,https://www.monasterium.net/mom/HU-MNL-DLGYUJ/MAGNMTQ10/143706/charter
,,https://www.monasterium.net/mom/DE-HStAMa/urk76/3259/charter
,,https://www.monasterium.net/mom/AT-StiASchl/Urkunden/1526_IX_30/charter
,,https://www.monasterium.net/mom/AT-KLA/KLA-027/AT-KLA_27-B-935_St/charter
,,https://www.monasterium.net/mom/CH-StaASG/Urkunden/Urkunden-Supplement..46/charter
,,https://www.monasterium.net/mom/HU-MNL-DLKINL/MKAAEOEMQ332/118187/charter
,,https://www.monasterium.net/mom/DE-BayHStA/KUMuenchenAngerkloster/1516/charter
,,https://www.monasterium.net/mom/HU-MNL-DLKINL/MKAAPQ312/48512/charter
,,https://www.monasterium.net/mom/AT-DOZA/Ahnenproben/Nr_132/charter
,,https://www.monasterium.net/mom/DE-HStAMa/urk76/3202/charter
,,https://www.monasterium.net/mom/AT-NOeLA/StA_Urk/StA_Urk_1239/charter
,,https://www.monasterium.net/mom/Laureshamensis/caaf23ac-d23b-4caf-9b70-3ecb5c9b5762/charter
,,https://www.monasterium.net/mom/DE-HStAMa/urk76/4108/charter
,,https://www.monasterium.net/mom/AT-HHStA/GamingOCart/1403_VIII_09/charter
,,https://www.monasterium.net/mom/HU-MNL-DLGYUJ/MAGNMTQ10/159686/charter
,,https://www.monasterium.net/mom/HU-MNL-DLCSLA/PONCSBASQ257/134022/charter
,,https://www.monasterium.net/mom/HU-MNL-DLKINL/MKANRAQ311/84003/charter
,,https://www.monasterium.net/mom/HU-MNL-DLKINL/MKANRAQ311/38927/charter
,,https://www.monasterium.net/mom/CZ-NA/CGL/4120/charter
,,https://www.monasterium.net/mom/HU-MNL-DLCSLP/BALCSQ21/99943/charter
,,https://www.monasterium.net/mom/HU-MNL-DLGYUJ/MAGNMTQ10/14242/charter
,,https://www.monasterium.net/mom/HU-MNL-DLCSLP/ORCCSQ144/101698/charter
,,https://www.monasterium.net/mom/HU-MNL-DLKINL/MKANRAQ311/111888/charter
,,https://www.monasterium.net/mom/HU-MNL-DLCSLP/ZICCSZSEQ206/88063/charter
,,https://www.monasterium.net/mom/DE-StALB/StAL_B509/B_509_U_258/charter
,,https://www.monasterium.net/mom/DE-BayHStA/KURegensburgStEmmeram/001372/charter
,,https://www.monasterium.net/mom/AVSPS/ASPS_114/charter
,,https://www.monasterium.net/mom/DE-StALB/StAL_B509/B_509_U_303/charter
,,https://www.monasterium.net/mom/HU-MNL-DLCSLP/ESTCSQ67/57881/charter
,,https://www.monasterium.net/mom/DE-BayHStA/KUPassauStNikola/%282944%29/charter
,,https://www.monasterium.net/mom/AT-KLA/AUR/AT-KLA_418-B-A_2993_St/charter
,,https://www.monasterium.net/mom/HU-MNL-DLGYUJ/MAGNMTQ10/109573/charter
,,https://www.monasterium.net/mom/HU-MNL-DLCSLP/KALCSQ93/159958/charter
,,https://www.monasterium.net/mom/AT-StiAMB/MbOSB/A_687/charter
,,https://www.monasterium.net/mom/AT-HHStA/SbgE/AUR_1292_II_29-V_01/charter
,,https://www.monasterium.net/mom/CZ-NA/AZK/674/charter
,,https://www.monasterium.net/mom/AT-StaAR/Urkundenreihe/StA_Retz%7CStA%7CLade6%7C1782XII16/charter
,,https://www.monasterium.net/mom/HU-MNL-DLCSLP/TEOCSQ195/92663/charter
,,https://www.monasterium.net/mom/DE-BayHStA/KURegensburgStEmmeram/000317/charter
,,https://www.monasterium.net/mom/AT-StiAL/LambachOSB/1466_XII_19/charter
,,https://www.monasterium.net/mom/HU-MNL-DLCSLP/FESCSQ73/66788/charter
,,https://www.monasterium.net/mom/HU-MNL-DLKINL/MKAAPQ312/132934/charter
,,https://www.monasterium.net/mom/DE-AVBautzen/Urkunden/3959/charter
,,https://www.monasterium.net/mom/HU-MNL-DLCSLP/BATCSMISQ358/15492/charter
,,https://www.monasterium.net/mom/HU-MNL-DLCSLP/KALCSQ93/17890/charter
,,https://www.monasterium.net/mom/HU-MNL-DLCSLP/KALCSQ93/162118/charter
,,https://www.monasterium.net/mom/HU-MNL-DLCSLP/KISCSQ105/151979/charter
,,https://www.monasterium.net/mom/HU-MNL-DLCSLP/BATCSQ388/24628/charter
,,https://www.monasterium.net/mom/CH-StiASG/Urkunden/WW5_B1/charter
,,https://www.monasterium.net/mom/DE-BayHStA/PassauDomkapitel/4772/charter
,,https://www.monasterium.net/mom/DE-BayHStA/KUFrauenchiemsee/155/charter
,,https://www.monasterium.net/mom/HU-MNL-DLCSLP/RADCSSAJQ154/20554/charter
,,https://www.monasterium.net/mom/CZ-NA/RKr/69/charter
,,https://www.monasterium.net/mom/HU-MNL-DLCSLP/ZICCSZSEQ206/17808/charter
,,https://www.monasterium.net/mom/HU-MNL-DLCSLP/BATLJNOQ31/117683/charter
,,https://www.monasterium.net/mom/AT-DAW/Urkunden/13400404/charter
,,https://www.monasterium.net/mom/AT-VLA/SilbertalPfA/541/charter
,,https://www.monasterium.net/mom/HU-MNL-DLKINL/MKANRAQ311/44977/charter
,,https://www.monasterium.net/mom/AT-VLA/MontafonStand/4315/charter
,,https://www.monasterium.net/mom/HU-MNL-DLEOKL/KKOLCCQ320/324127/charter
,,https://www.monasterium.net/mom/HU-MNL-DLCSLA/BOSCSQ214/85776/charter
,,https://www.monasterium.net/mom/CZ-NA/AZK/1287/charter
,,https://www.monasterium.net/mom/DE-HStAMa/Urk.37/4013/charter
,,https://www.monasterium.net/mom/HU-MNL-DLCSLP/BENCSQ35/81805/charter
,,https://www.monasterium.net/mom/CZ-NA/CGL/1311/charter
,,https://www.monasterium.net/mom/HU-MNL-DLKINL/MKANRAQ311/66662/charter
,,https://www.monasterium.net/mom/DE-BayHStA/PassauDomkapitel/4758/charter
,,https://www.monasterium.net/mom/HU-MNL-DLCSLP/ZICCSZSEQ206/83588/charter
,,https://www.monasterium.net/mom/HU-MNL-DLEOKL/KKOLVIQ323/141720/charter
,,https://www.monasterium.net/mom/AT-WStLA/HAUrk/3126/charter
,,https://www.monasterium.net/mom/DE-BayHStA/PassauDomkapitel/5648/charter
,,https://www.monasterium.net/mom/AT-StiAStP/BlUK/BU_098/charter
,,https://www.monasterium.net/mom/AT-StiASP/Urkunden/Urk_Nr_3809-1614/charter
,,https://www.monasterium.net/mom/HU-MNL-DLKINL/MKANRAQ311/21522/charter
,,https://www.monasterium.net/mom/DE-BayHStA/KUAsbach/443/charter
,,https://www.monasterium.net/mom/CZ-NA/RBB/441/charter
,,https://www.monasterium.net/mom/CZ-NA/CGL/1227/charter
,,https://www.monasterium.net/mom/DE-StASGD/A01U/U_73/charter
,,https://www.monasterium.net/mom/HU-MNL-DLCSLP/ESTCSQ67/91595/charter
,,https://www.monasterium.net/mom/HU-MNL-DLKINL/MKANRAQ311/749/charter
,,https://www.monasterium.net/mom/AT-HHStA/SbgE/AUR_1230_IX_04.2/charter
,,https://www.monasterium.net/mom/AT-DOZA/Urkunden/1723IV_20/charter
,,https://www.monasterium.net/mom/AT-StiASP/Urkunden/Urk_nr_543-1376_II_15/charter
,,https://www.monasterium.net/mom/HU-MNL-DLCSLP/KALCSQ93/45395/charter
,,https://www.monasterium.net/mom/HU-MNL-DLKINL/MKANRAQ311/97446/charter
,,https://www.monasterium.net/mom/SK-AMB/362/954/charter
,,https://www.monasterium.net/mom/ES-ACC/documentos/ACC_352/charter
,,https://www.monasterium.net/mom/HU-MNL-DLCSLA/KORCSQ347/151501/charter
,,https://www.monasterium.net/mom/DE-UBHD/UrkLehmann/Urk_Lehmann_492/charter
,,https://www.monasterium.net/mom/HU-MNL-DLKINL/MKAAEOEMQ332/95385/charter
,,https://www.monasterium.net/mom/AT-StiAAdm/Urkunden/KK-9/charter
,,https://www.monasterium.net/mom/AT-DOZA/Urkunden/1729_X_05/charter
,,https://www.monasterium.net/mom/HU-MNL-DLCSLP/MARCSQ125/39402/charter
,,https://www.monasterium.net/mom/HU-MNL-DLGYUJ/MAGNMTQ10/5536/charter
,,https://www.monasterium.net/mom/HU-MNL-DLCSLA/BOSCSQ214/46951/charter
,,https://www.monasterium.net/mom/HU-MNL-DLCSLP/ZICCSZSEQ206/15486/charter
,,https://www.monasterium.net/mom/DE-AVBautzen/Urkunden/0959/charter
,,https://www.monasterium.net/mom/AT-StiAMB/MbOSB/A_79/charter
,,https://www.monasterium.net/mom/DE-StaAWuerzburg/WuerzburgerRatsurkunden/116/charter
,,https://www.monasterium.net/mom/HU-MNL-DLCSLP/ZICCSZSEQ206/63589/charter
,,https://www.monasterium.net/mom/HU-MNL-DLKINL/MKAAPQ312/100196/charter
,,https://www.monasterium.net/mom/CZ-NA/RM/387/charter
,,https://www.monasterium.net/mom/AT-NOeLA/HA_Seefeld-HardeggerUrk/Hardegger_Urk_0263/charter
,,https://www.monasterium.net/mom/HU-MNL-DLCSLP/SZTCSQ181/9880/charter
,,https://www.monasterium.net/mom/HU-MNL-DLKINL/MKANRAQ311/1079/charter
,,https://www.monasterium.net/mom/IT-BSNSP/08-S_Maria_della_Grotta/3_BB_II_25/charter
,,https://www.monasterium.net/mom/HU-MNL-DLKINL/MKANRAQ311/33174/charter
,,https://www.monasterium.net/mom/HU-MNL-DLCSLP/OCSCSQ252/94188/charter
,,https://www.monasterium.net/mom/DE-BayHStA/KUAldersbach/00633/charter
,,https://www.monasterium.net/mom/CH-StaASG/Urkunden/Tr_VI.82./charter
,,https://www.monasterium.net/mom/HU-MNL-DLKINL/MKAAFNQ305/33636/charter
,,https://www.monasterium.net/mom/SI-PAM/Listine/SI_PAM%7C0001_00994/charter
,,https://www.monasterium.net/mom/AT-WStLA/HAUrk/3609/charter
,,https://www.monasterium.net/mom/DE-UAM/Urkunden/J_178/charter
,,https://www.monasterium.net/mom/DE-BayHStA/PassauDomkapitel/1837/charter
,,https://www.monasterium.net/mom/AT-StiAHe/HerzogenburgCanReg/1351_VII_04/charter
,,https://www.monasterium.net/mom/SK-AMB/362/4800/charter
,,https://www.monasterium.net/mom/HU-MNL-DLGYUJ/MAGNMTQ10/42361/charter
,,https://www.monasterium.net/mom/DE-GAUnivGoet/AppDiplMeyer/App_dipl_Meyer_157/charter
,,https://www.monasterium.net/mom/DE-HLBFulda/urkunden/148/charter
,,https://www.monasterium.net/mom/DE-BayHStA/KURohr/496/charter
,,https://www.monasterium.net/mom/HU-MNL-DLGYUJ/MAGNMTQ10/30074/charter
,,https://www.monasterium.net/mom/SK-SNA/4156-SukromnyArchivBratislavskejKapituly/636/charter
,,https://www.monasterium.net/mom/AT-WStLA/HAUrk/2710/charter
,,https://www.monasterium.net/mom/HU-MNL-DLCSLP/DESCSGROQ62/150486/charter
,,https://www.monasterium.net/mom/DE-HStAMa/Urk.37/4309/charter
,,https://www.monasterium.net/mom/SI-PAM/Listine/SI_PAM%7C0001_00229/charter
,,https://www.monasterium.net/mom/HU-MNL-DLCSLP/SIBCSQ167/104485/charter
,,https://www.monasterium.net/mom/AT-HHStA/SbgE/AUR_1427/charter
,,https://www.monasterium.net/mom/HU-MNL-DLINTI/SZEKKQ398/26485/charter
,,https://www.monasterium.net/mom/AT-SLA/Erzstift/SLA_OU_1641_III_02/charter
,,https://www.monasterium.net/mom/HU-MNL-DLCSLP/ESTCSQ67/6891/charter
,,https://www.monasterium.net/mom/IT-BST/BST/Seminario_102/charter
,,https://www.monasterium.net/mom/HU-MNL-DLKINL/MKANRAQ311/57015/charter
,,https://www.monasterium.net/mom/HU-MNL-DLKINL/MKANRAQ311/170903/charter
,,https://www.monasterium.net/mom/Laureshamensis/8a4ed070-72a5-4b84-914b-b4dd4eb1407d/charter
,,https://www.monasterium.net/mom/AT-WStLA/HAUrk/2028/charter
,,https://www.monasterium.net/mom/DE-AKR/Urkunden/SpAR_Urk_526/charter
,,https://www.monasterium.net/mom/HU-MNL-DLKINL/MKANRAQ311/44657/charter
,,https://www.monasterium.net/mom/HU-MNL-DLCSLP/RADCSSAJQ154/119956/charter
,,https://www.monasterium.net/mom/HU-MNL-DLCSLP/SOOCSQ170/58759/charter
,,https://www.monasterium.net/mom/HU-MNL-DLCSLA/HUNCSQ234/147854/charter
,,https://www.monasterium.net/mom/DE-StaAWuerzburg/Heidingsfeld/79/charter
,,https://www.monasterium.net/mom/HU-MNL-DLCSLP/ZICCSZSEQ206/2158/charter
,,https://www.monasterium.net/mom/AT-DOZA/Urkunden/1689_V_15/charter
,,https://www.monasterium.net/mom/HU-MNL-DLKINL/MKANRAQ311/120071/charter
,,https://www.monasterium.net/mom/DE-HStAMa/urk76/3775/charter
,,https://www.monasterium.net/mom/DE-BayHStA/KUMuenchenAngerkloster/804/charter
,,https://www.monasterium.net/mom/AT-StiAG/GoettweigOSB/1304_XII_21/charter